"Datum,Uur,Aantal_check_ins
1-1-2024,0,2.4
1-1-2024,1,8.2
1-1-2024,2,7.6
1-1-2024,3,7.1
1-1-2024,4,6.5
1-1-2024,5,7.1
1-1-2024,6,6.6
1-1-2024,7,13.9
1-1-2024,8,17.8
1-1-2024,9,30.4
1-1-2024,10,39.3
1-1-2024,11,56.7
1-1-2024,12,79.7
1-1-2024,13,100.3
1-1-2024,14,112.9
1-1-2024,15,114.3
1-1-2024,16,107.2
1-1-2024,17,93.4
1-1-2024,18,75.2
1-1-2024,19,65.1
1-1-2024,20,58.9
1-1-2024,21,47.2
1-1-2024,22,36.6
1-1-2024,23,23.8
2-1-2024,0,8.0
2-1-2024,1,0.8
2-1-2024,2,0.3
2-1-2024,3,0.5
2-1-2024,4,1.8
2-1-2024,5,14.5
2-1-2024,6,66.1
2-1-2024,7,142.3
2-1-2024,8,161.0
2-1-2024,9,112.5
2-1-2024,10,109.6
2-1-2024,11,128.3
2-1-2024,12,152.0
2-1-2024,13,165.9
2-1-2024,14,171.3
2-1-2024,15,194.0
2-1-2024,16,233.5
2-1-2024,17,256.0
2-1-2024,18,154.7
2-1-2024,19,93.4
2-1-2024,20,74.0
2-1-2024,21,63.1
2-1-2024,22,53.0
2-1-2024,23,36.0
3-1-2024,0,12.4
3-1-2024,1,1.0
3-1-2024,2,0.4
3-1-2024,3,0.5
3-1-2024,4,1.7
3-1-2024,5,14.9
3-1-2024,6,65.3
3-1-2024,7,142.9
3-1-2024,8,169.7
3-1-2024,9,127.8
3-1-2024,10,126.2
3-1-2024,11,142.4
3-1-2024,12,165.0
3-1-2024,13,173.8
3-1-2024,14,182.4
3-1-2024,15,206.8
3-1-2024,16,240.9
3-1-2024,17,269.1
3-1-2024,18,170.8
3-1-2024,19,105.0
3-1-2024,20,84.3
3-1-2024,21,73.4
3-1-2024,22,61.4
3-1-2024,23,42.2
4-1-2024,0,13.7
4-1-2024,1,1.1
4-1-2024,2,0.4
4-1-2024,3,0.6
4-1-2024,4,1.9
4-1-2024,5,15.4
4-1-2024,6,72.3
4-1-2024,7,167.1
4-1-2024,8,200.6
4-1-2024,9,138.9
4-1-2024,10,129.9
4-1-2024,11,146.5
4-1-2024,12,165.4
4-1-2024,13,178.0
4-1-2024,14,188.8
4-1-2024,15,214.5
4-1-2024,16,261.7
4-1-2024,17,304.8
4-1-2024,18,189.9
4-1-2024,19,117.2
4-1-2024,20,94.0
4-1-2024,21,85.9
4-1-2024,22,74.7
4-1-2024,23,50.4
5-1-2024,0,17.9
5-1-2024,1,1.9
5-1-2024,2,0.8
5-1-2024,3,1.0
5-1-2024,4,2.4
5-1-2024,5,14.8
5-1-2024,6,57.0
5-1-2024,7,117.6
5-1-2024,8,148.2
5-1-2024,9,126.8
5-1-2024,10,128.7
5-1-2024,11,149.8
5-1-2024,12,173.7
5-1-2024,13,183.5
5-1-2024,14,194.0
5-1-2024,15,213.6
5-1-2024,16,240.7
5-1-2024,17,256.8
5-1-2024,18,191.1
5-1-2024,19,130.3
5-1-2024,20,102.2
5-1-2024,21,90.4
5-1-2024,22,85.2
5-1-2024,23,72.7
6-1-2024,0,32.8
6-1-2024,1,6.1
6-1-2024,2,2.2
6-1-2024,3,1.7
6-1-2024,4,2.3
6-1-2024,5,4.6
6-1-2024,6,13.0
6-1-2024,7,28.8
6-1-2024,8,53.0
6-1-2024,9,81.0
6-1-2024,10,104.0
6-1-2024,11,131.9
6-1-2024,12,153.4
6-1-2024,13,175.2
6-1-2024,14,179.4
6-1-2024,15,181.1
6-1-2024,16,180.6
6-1-2024,17,172.7
6-1-2024,18,136.5
6-1-2024,19,109.3
6-1-2024,20,92.0
6-1-2024,21,80.0
6-1-2024,22,80.0
6-1-2024,23,68.8
7-1-2024,0,33.3
7-1-2024,1,6.6
7-1-2024,2,2.7
7-1-2024,3,2.1
7-1-2024,4,2.6
7-1-2024,5,3.9
7-1-2024,6,4.9
7-1-2024,7,14.7
7-1-2024,8,28.8
7-1-2024,9,51.6
7-1-2024,10,71.2
7-1-2024,11,95.7
7-1-2024,12,117.3
7-1-2024,13,136.4
7-1-2024,14,138.8
7-1-2024,15,139.1
7-1-2024,16,140.8
7-1-2024,17,133.2
7-1-2024,18,107.0
7-1-2024,19,88.1
7-1-2024,20,77.2
7-1-2024,21,62.4
7-1-2024,22,46.0
7-1-2024,23,26.7
8-1-2024,0,8.0
8-1-2024,1,0.7
8-1-2024,2,0.3
8-1-2024,3,0.4
8-1-2024,4,1.5
8-1-2024,5,16.4
8-1-2024,6,98.1
8-1-2024,7,303.8
8-1-2024,8,384.7
8-1-2024,9,234.5
8-1-2024,10,179.5
8-1-2024,11,173.9
8-1-2024,12,211.9
8-1-2024,13,201.7
8-1-2024,14,239.4
8-1-2024,15,292.7
8-1-2024,16,345.4
8-1-2024,17,362.9
8-1-2024,18,186.6
8-1-2024,19,96.0
8-1-2024,20,68.7
8-1-2024,21,59.2
8-1-2024,22,48.1
8-1-2024,23,27.6
9-1-2024,0,7.9
9-1-2024,1,0.7
9-1-2024,2,0.2
9-1-2024,3,0.3
9-1-2024,4,1.2
9-1-2024,5,15.6
9-1-2024,6,103.5
9-1-2024,7,356.1
9-1-2024,8,445.1
9-1-2024,9,243.5
9-1-2024,10,175.5
9-1-2024,11,173.1
9-1-2024,12,217.9
9-1-2024,13,218.8
9-1-2024,14,267.5
9-1-2024,15,319.7
9-1-2024,16,364.6
9-1-2024,17,390.6
9-1-2024,18,212.0
9-1-2024,19,105.7
9-1-2024,20,75.0
9-1-2024,21,66.5
9-1-2024,22,54.6
9-1-2024,23,31.9
10-1-2024,0,9.4
10-1-2024,1,0.6
10-1-2024,2,0.2
10-1-2024,3,0.3
10-1-2024,4,1.2
10-1-2024,5,16.1
10-1-2024,6,95.4
10-1-2024,7,327.9
10-1-2024,8,420.1
10-1-2024,9,244.9
10-1-2024,10,189.9
10-1-2024,11,192.8
10-1-2024,12,247.4
10-1-2024,13,239.1
10-1-2024,14,276.2
10-1-2024,15,327.3
10-1-2024,16,359.2
10-1-2024,17,359.1
10-1-2024,18,203.2
10-1-2024,19,110.7
10-1-2024,20,81.0
10-1-2024,21,74.9
10-1-2024,22,64.6
10-1-2024,23,36.6
11-1-2024,0,10.8
11-1-2024,1,0.9
11-1-2024,2,0.4
11-1-2024,3,0.4
11-1-2024,4,1.6
11-1-2024,5,17.2
11-1-2024,6,106.6
11-1-2024,7,370.9
11-1-2024,8,471.3
11-1-2024,9,271.8
11-1-2024,10,198.7
11-1-2024,11,195.7
11-1-2024,12,241.1
11-1-2024,13,242.5
11-1-2024,14,288.0
11-1-2024,15,350.2
11-1-2024,16,391.2
11-1-2024,17,403.7
11-1-2024,18,237.2
11-1-2024,19,133.2
11-1-2024,20,97.8
11-1-2024,21,89.7
11-1-2024,22,77.5
11-1-2024,23,50.0
12-1-2024,0,16.1
12-1-2024,1,1.6
12-1-2024,2,0.7
12-1-2024,3,0.9
12-1-2024,4,2.0
12-1-2024,5,15.6
12-1-2024,6,80.5
12-1-2024,7,274.7
12-1-2024,8,356.7
12-1-2024,9,222.4
12-1-2024,10,183.1
12-1-2024,11,194.1
12-1-2024,12,248.1
12-1-2024,13,250.2
12-1-2024,14,292.3
12-1-2024,15,330.1
12-1-2024,16,329.5
12-1-2024,17,317.6
12-1-2024,18,223.9
12-1-2024,19,145.3
12-1-2024,20,107.7
12-1-2024,21,94.9
12-1-2024,22,93.2
12-1-2024,23,85.5
13-1-2024,0,41.8
13-1-2024,1,8.1
13-1-2024,2,2.9
13-1-2024,3,2.2
13-1-2024,4,2.7
13-1-2024,5,4.8
13-1-2024,6,13.3
13-1-2024,7,32.4
13-1-2024,8,60.7
13-1-2024,9,88.8
13-1-2024,10,110.7
13-1-2024,11,139.1
13-1-2024,12,163.9
13-1-2024,13,182.7
13-1-2024,14,185.8
13-1-2024,15,189.7
13-1-2024,16,197.0
13-1-2024,17,185.8
13-1-2024,18,148.6
13-1-2024,19,119.4
13-1-2024,20,96.1
13-1-2024,21,83.8
13-1-2024,22,89.9
13-1-2024,23,88.3
14-1-2024,0,43.0
14-1-2024,1,9.0
14-1-2024,2,3.5
14-1-2024,3,2.8
14-1-2024,4,3.1
14-1-2024,5,4.3
14-1-2024,6,5.5
14-1-2024,7,14.6
14-1-2024,8,31.3
14-1-2024,9,57.1
14-1-2024,10,78.7
14-1-2024,11,103.8
14-1-2024,12,126.9
14-1-2024,13,145.0
14-1-2024,14,146.1
14-1-2024,15,147.5
14-1-2024,16,146.3
14-1-2024,17,142.0
14-1-2024,18,118.4
14-1-2024,19,98.2
14-1-2024,20,81.5
14-1-2024,21,67.0
14-1-2024,22,52.7
14-1-2024,23,31.5
15-1-2024,0,9.0
15-1-2024,1,0.7
15-1-2024,2,0.3
15-1-2024,3,0.5
15-1-2024,4,1.7
15-1-2024,5,18.8
15-1-2024,6,109.4
15-1-2024,7,363.8
15-1-2024,8,454.7
15-1-2024,9,259.0
15-1-2024,10,197.4
15-1-2024,11,195.0
15-1-2024,12,235.2
15-1-2024,13,231.0
15-1-2024,14,275.4
15-1-2024,15,336.0
15-1-2024,16,385.3
15-1-2024,17,393.4
15-1-2024,18,209.3
15-1-2024,19,110.0
15-1-2024,20,80.1
15-1-2024,21,70.8
15-1-2024,22,57.1
15-1-2024,23,35.1
16-1-2024,0,10.0
16-1-2024,1,0.9
16-1-2024,2,0.4
16-1-2024,3,0.4
16-1-2024,4,1.5
16-1-2024,5,19.1
16-1-2024,6,118.0
16-1-2024,7,396.1
16-1-2024,8,500.0
16-1-2024,9,287.3
16-1-2024,10,205.5
16-1-2024,11,201.2
16-1-2024,12,251.5
16-1-2024,13,250.1
16-1-2024,14,301.1
16-1-2024,15,349.6
16-1-2024,16,398.2
16-1-2024,17,429.9
16-1-2024,18,237.7
16-1-2024,19,122.8
16-1-2024,20,89.7
16-1-2024,21,81.7
16-1-2024,22,67.8
16-1-2024,23,37.6
17-1-2024,0,11.0
17-1-2024,1,0.9
17-1-2024,2,0.4
17-1-2024,3,0.6
17-1-2024,4,1.8
17-1-2024,5,17.6
17-1-2024,6,99.6
17-1-2024,7,333.6
17-1-2024,8,423.9
17-1-2024,9,248.5
17-1-2024,10,195.9
17-1-2024,11,199.1
17-1-2024,12,255.5
17-1-2024,13,247.8
17-1-2024,14,273.8
17-1-2024,15,319.6
17-1-2024,16,355.4
17-1-2024,17,359.9
17-1-2024,18,211.4
17-1-2024,19,118.3
17-1-2024,20,87.2
17-1-2024,21,80.1
17-1-2024,22,71.8
17-1-2024,23,45.9
18-1-2024,0,14.0
18-1-2024,1,1.1
18-1-2024,2,0.5
18-1-2024,3,0.6
18-1-2024,4,2.0
18-1-2024,5,18.3
18-1-2024,6,109.5
18-1-2024,7,369.8
18-1-2024,8,473.1
18-1-2024,9,271.5
18-1-2024,10,206.6
18-1-2024,11,205.5
18-1-2024,12,252.5
18-1-2024,13,249.8
18-1-2024,14,290.6
18-1-2024,15,342.1
18-1-2024,16,388.8
18-1-2024,17,415.7
18-1-2024,18,248.2
18-1-2024,19,141.4
18-1-2024,20,104.5
18-1-2024,21,98.2
18-1-2024,22,86.3
18-1-2024,23,54.8
19-1-2024,0,18.6
19-1-2024,1,1.7
19-1-2024,2,0.8
19-1-2024,3,1.0
19-1-2024,4,2.1
19-1-2024,5,16.3
19-1-2024,6,82.3
19-1-2024,7,275.9
19-1-2024,8,368.8
19-1-2024,9,234.8
19-1-2024,10,194.8
19-1-2024,11,204.3
19-1-2024,12,260.0
19-1-2024,13,264.6
19-1-2024,14,300.9
19-1-2024,15,330.8
19-1-2024,16,335.3
19-1-2024,17,333.1
19-1-2024,18,240.5
19-1-2024,19,154.8
19-1-2024,20,117.1
19-1-2024,21,102.2
19-1-2024,22,103.0
19-1-2024,23,91.1
20-1-2024,0,44.9
20-1-2024,1,8.4
20-1-2024,2,3.1
20-1-2024,3,2.3
20-1-2024,4,2.8
20-1-2024,5,5.0
20-1-2024,6,14.5
20-1-2024,7,34.4
20-1-2024,8,65.7
20-1-2024,9,96.6
20-1-2024,10,120.2
20-1-2024,11,153.6
20-1-2024,12,180.5
20-1-2024,13,196.9
20-1-2024,14,199.3
20-1-2024,15,201.3
20-1-2024,16,203.3
20-1-2024,17,195.0
20-1-2024,18,156.2
20-1-2024,19,122.5
20-1-2024,20,99.6
20-1-2024,21,87.7
20-1-2024,22,90.6
20-1-2024,23,85.3
21-1-2024,0,43.0
21-1-2024,1,8.6
21-1-2024,2,3.6
21-1-2024,3,2.7
21-1-2024,4,3.1
21-1-2024,5,4.2
21-1-2024,6,5.2
21-1-2024,7,15.1
21-1-2024,8,30.9
21-1-2024,9,57.6
21-1-2024,10,79.5
21-1-2024,11,105.6
21-1-2024,12,127.1
21-1-2024,13,142.7
21-1-2024,14,146.4
21-1-2024,15,146.7
21-1-2024,16,141.3
21-1-2024,17,135.4
21-1-2024,18,120.6
21-1-2024,19,104.4
21-1-2024,20,84.6
21-1-2024,21,67.6
21-1-2024,22,50.8
21-1-2024,23,31.5
22-1-2024,0,9.2
22-1-2024,1,0.7
22-1-2024,2,0.3
22-1-2024,3,0.5
22-1-2024,4,1.6
22-1-2024,5,18.2
22-1-2024,6,106.9
22-1-2024,7,346.5
22-1-2024,8,423.1
22-1-2024,9,242.8
22-1-2024,10,193.6
22-1-2024,11,194.6
22-1-2024,12,236.7
22-1-2024,13,234.2
22-1-2024,14,276.4
22-1-2024,15,328.0
22-1-2024,16,369.0
22-1-2024,17,381.3
22-1-2024,18,212.2
22-1-2024,19,119.9
22-1-2024,20,88.3
22-1-2024,21,75.1
22-1-2024,22,57.9
22-1-2024,23,33.9
23-1-2024,0,9.7
23-1-2024,1,0.8
23-1-2024,2,0.3
23-1-2024,3,0.5
23-1-2024,4,1.7
23-1-2024,5,19.1
23-1-2024,6,114.8
23-1-2024,7,374.2
23-1-2024,8,456.3
23-1-2024,9,257.7
23-1-2024,10,199.9
23-1-2024,11,202.7
23-1-2024,12,247.9
23-1-2024,13,246.7
23-1-2024,14,292.2
23-1-2024,15,338.8
23-1-2024,16,385.4
23-1-2024,17,408.2
23-1-2024,18,232.8
23-1-2024,19,123.8
23-1-2024,20,88.6
23-1-2024,21,79.7
23-1-2024,22,68.0
23-1-2024,23,38.2
24-1-2024,0,11.4
24-1-2024,1,0.8
24-1-2024,2,0.3
24-1-2024,3,0.5
24-1-2024,4,1.8
24-1-2024,5,17.3
24-1-2024,6,94.1
24-1-2024,7,307.5
24-1-2024,8,380.0
24-1-2024,9,228.2
24-1-2024,10,185.0
24-1-2024,11,196.4
24-1-2024,12,245.1
24-1-2024,13,239.5
24-1-2024,14,264.7
24-1-2024,15,300.3
24-1-2024,16,343.3
24-1-2024,17,361.5
24-1-2024,18,220.4
24-1-2024,19,124.4
24-1-2024,20,90.7
24-1-2024,21,83.3
24-1-2024,22,81.8
24-1-2024,23,49.5
25-1-2024,0,14.6
25-1-2024,1,1.0
25-1-2024,2,0.4
25-1-2024,3,0.6
25-1-2024,4,1.9
25-1-2024,5,18.8
25-1-2024,6,108.6
25-1-2024,7,350.4
25-1-2024,8,438.7
25-1-2024,9,255.3
25-1-2024,10,201.4
25-1-2024,11,204.8
25-1-2024,12,251.4
25-1-2024,13,249.7
25-1-2024,14,283.2
25-1-2024,15,333.2
25-1-2024,16,380.1
25-1-2024,17,396.9
25-1-2024,18,246.9
25-1-2024,19,143.8
25-1-2024,20,108.7
25-1-2024,21,101.7
25-1-2024,22,89.5
25-1-2024,23,58.4
26-1-2024,0,19.8
26-1-2024,1,2.0
26-1-2024,2,0.9
26-1-2024,3,1.1
26-1-2024,4,2.4
26-1-2024,5,17.1
26-1-2024,6,83.1
26-1-2024,7,264.7
26-1-2024,8,340.2
26-1-2024,9,223.9
26-1-2024,10,191.9
26-1-2024,11,209.0
26-1-2024,12,262.6
26-1-2024,13,265.6
26-1-2024,14,298.6
26-1-2024,15,322.2
26-1-2024,16,329.2
26-1-2024,17,328.2
26-1-2024,18,246.0
26-1-2024,19,161.3
26-1-2024,20,122.6
26-1-2024,21,107.5
26-1-2024,22,108.0
26-1-2024,23,95.6
27-1-2024,0,47.4
27-1-2024,1,8.6
27-1-2024,2,3.2
27-1-2024,3,2.5
27-1-2024,4,3.0
27-1-2024,5,5.6
27-1-2024,6,15.3
27-1-2024,7,37.3
27-1-2024,8,68.7
27-1-2024,9,101.7
27-1-2024,10,126.4
27-1-2024,11,158.2
27-1-2024,12,182.8
27-1-2024,13,200.4
27-1-2024,14,205.0
27-1-2024,15,204.7
27-1-2024,16,203.2
27-1-2024,17,198.4
27-1-2024,18,159.6
27-1-2024,19,126.2
27-1-2024,20,104.1
27-1-2024,21,91.3
27-1-2024,22,97.3
27-1-2024,23,88.9
28-1-2024,0,43.6
28-1-2024,1,9.0
28-1-2024,2,3.9
28-1-2024,3,2.9
28-1-2024,4,3.2
28-1-2024,5,4.6
28-1-2024,6,6.1
28-1-2024,7,18.6
28-1-2024,8,34.8
28-1-2024,9,62.2
28-1-2024,10,86.5
28-1-2024,11,116.6
28-1-2024,12,140.8
28-1-2024,13,154.9
28-1-2024,14,151.6
28-1-2024,15,150.9
28-1-2024,16,158.0
28-1-2024,17,151.3
28-1-2024,18,124.6
28-1-2024,19,102.4
28-1-2024,20,86.4
28-1-2024,21,70.2
28-1-2024,22,52.8
28-1-2024,23,29.4
29-1-2024,0,9.3
29-1-2024,1,0.7
29-1-2024,2,0.3
29-1-2024,3,0.5
29-1-2024,4,1.8
29-1-2024,5,18.4
29-1-2024,6,104.2
29-1-2024,7,326.9
29-1-2024,8,396.1
29-1-2024,9,224.9
29-1-2024,10,180.2
29-1-2024,11,190.0
29-1-2024,12,226.6
29-1-2024,13,223.1
29-1-2024,14,260.9
29-1-2024,15,311.8
29-1-2024,16,353.1
29-1-2024,17,361.0
29-1-2024,18,198.6
29-1-2024,19,107.1
29-1-2024,20,80.2
29-1-2024,21,69.8
29-1-2024,22,56.7
29-1-2024,23,34.6
30-1-2024,0,9.8
30-1-2024,1,0.8
30-1-2024,2,0.3
30-1-2024,3,0.5
30-1-2024,4,1.7
30-1-2024,5,19.0
30-1-2024,6,112.9
30-1-2024,7,356.9
30-1-2024,8,432.7
30-1-2024,9,242.1
30-1-2024,10,185.9
30-1-2024,11,194.7
30-1-2024,12,240.3
30-1-2024,13,240.6
30-1-2024,14,279.5
30-1-2024,15,322.8
30-1-2024,16,371.8
30-1-2024,17,397.0
30-1-2024,18,223.7
30-1-2024,19,120.9
30-1-2024,20,90.6
30-1-2024,21,79.2
30-1-2024,22,64.6
30-1-2024,23,42.6
31-1-2024,0,11.9
31-1-2024,1,0.9
31-1-2024,2,0.4
31-1-2024,3,0.6
31-1-2024,4,1.9
31-1-2024,5,17.7
31-1-2024,6,96.3
31-1-2024,7,305.5
31-1-2024,8,379.6
31-1-2024,9,229.2
31-1-2024,10,183.6
31-1-2024,11,200.1
31-1-2024,12,245.9
31-1-2024,13,239.0
31-1-2024,14,266.2
31-1-2024,15,304.7
31-1-2024,16,338.6
31-1-2024,17,343.8
31-1-2024,18,207.5
31-1-2024,19,118.0
31-1-2024,20,90.8
31-1-2024,21,82.7
31-1-2024,22,73.6
31-1-2024,23,42.9
1-2-2024,0,13.9
1-2-2024,1,1.1
1-2-2024,2,0.4
1-2-2024,3,0.6
1-2-2024,4,1.8
1-2-2024,5,18.9
1-2-2024,6,107.8
1-2-2024,7,349.9
1-2-2024,8,433.3
1-2-2024,9,246.0
1-2-2024,10,189.0
1-2-2024,11,197.4
1-2-2024,12,241.2
1-2-2024,13,241.6
1-2-2024,14,278.8
1-2-2024,15,325.7
1-2-2024,16,372.5
1-2-2024,17,400.0
1-2-2024,18,241.7
1-2-2024,19,138.4
1-2-2024,20,106.1
1-2-2024,21,99.8
1-2-2024,22,82.9
1-2-2024,23,53.3
2-2-2024,0,18.2
2-2-2024,1,1.9
2-2-2024,2,1.0
2-2-2024,3,1.3
2-2-2024,4,2.6
2-2-2024,5,17.1
2-2-2024,6,80.6
2-2-2024,7,252.1
2-2-2024,8,324.8
2-2-2024,9,209.1
2-2-2024,10,183.1
2-2-2024,11,201.5
2-2-2024,12,252.7
2-2-2024,13,254.3
2-2-2024,14,286.8
2-2-2024,15,312.3
2-2-2024,16,317.9
2-2-2024,17,316.7
2-2-2024,18,236.4
2-2-2024,19,156.3
2-2-2024,20,120.2
2-2-2024,21,103.9
2-2-2024,22,102.0
2-2-2024,23,88.9
3-2-2024,0,43.1
3-2-2024,1,8.3
3-2-2024,2,3.5
3-2-2024,3,3.0
3-2-2024,4,3.4
3-2-2024,5,5.4
3-2-2024,6,15.1
3-2-2024,7,36.0
3-2-2024,8,67.8
3-2-2024,9,100.8
3-2-2024,10,125.3
3-2-2024,11,157.1
3-2-2024,12,181.1
3-2-2024,13,194.8
3-2-2024,14,198.9
3-2-2024,15,198.2
3-2-2024,16,203.5
3-2-2024,17,197.0
3-2-2024,18,167.4
3-2-2024,19,128.6
3-2-2024,20,102.1
3-2-2024,21,88.1
3-2-2024,22,108.3
3-2-2024,23,93.4
4-2-2024,0,45.8
4-2-2024,1,9.5
4-2-2024,2,4.1
4-2-2024,3,3.3
4-2-2024,4,3.6
4-2-2024,5,5.0
4-2-2024,6,6.6
4-2-2024,7,17.2
4-2-2024,8,35.4
4-2-2024,9,61.8
4-2-2024,10,82.9
4-2-2024,11,111.1
4-2-2024,12,135.6
4-2-2024,13,149.7
4-2-2024,14,147.4
4-2-2024,15,144.9
4-2-2024,16,145.9
4-2-2024,17,145.0
4-2-2024,18,121.2
4-2-2024,19,100.8
4-2-2024,20,84.8
4-2-2024,21,69.1
4-2-2024,22,56.0
4-2-2024,23,31.0
5-2-2024,0,9.0
5-2-2024,1,0.7
5-2-2024,2,0.4
5-2-2024,3,0.6
5-2-2024,4,1.9
5-2-2024,5,19.4
5-2-2024,6,109.3
5-2-2024,7,361.2
5-2-2024,8,450.3
5-2-2024,9,248.4
5-2-2024,10,190.1
5-2-2024,11,193.3
5-2-2024,12,243.2
5-2-2024,13,237.4
5-2-2024,14,282.8
5-2-2024,15,340.9
5-2-2024,16,388.0
5-2-2024,17,394.9
5-2-2024,18,207.9
5-2-2024,19,110.5
5-2-2024,20,80.7
5-2-2024,21,71.0
5-2-2024,22,59.2
5-2-2024,23,33.4
6-2-2024,0,9.9
6-2-2024,1,0.8
6-2-2024,2,0.3
6-2-2024,3,0.5
6-2-2024,4,1.7
6-2-2024,5,20.1
6-2-2024,6,119.8
6-2-2024,7,404.2
6-2-2024,8,500.4
6-2-2024,9,268.8
6-2-2024,10,202.2
6-2-2024,11,199.5
6-2-2024,12,259.1
6-2-2024,13,256.0
6-2-2024,14,301.2
6-2-2024,15,356.8
6-2-2024,16,405.8
6-2-2024,17,438.5
6-2-2024,18,244.7
6-2-2024,19,129.6
6-2-2024,20,94.0
6-2-2024,21,85.1
6-2-2024,22,71.0
6-2-2024,23,41.2
7-2-2024,0,12.2
7-2-2024,1,0.9
7-2-2024,2,0.4
7-2-2024,3,0.6
7-2-2024,4,1.8
7-2-2024,5,18.4
7-2-2024,6,100.7
7-2-2024,7,335.4
7-2-2024,8,426.8
7-2-2024,9,241.3
7-2-2024,10,191.7
7-2-2024,11,201.4
7-2-2024,12,258.9
7-2-2024,13,247.4
7-2-2024,14,282.1
7-2-2024,15,332.1
7-2-2024,16,369.4
7-2-2024,17,378.3
7-2-2024,18,222.6
7-2-2024,19,127.4
7-2-2024,20,91.1
7-2-2024,21,83.6
7-2-2024,22,75.7
7-2-2024,23,49.8
8-2-2024,0,13.9
8-2-2024,1,1.0
8-2-2024,2,0.4
8-2-2024,3,0.7
8-2-2024,4,1.9
8-2-2024,5,19.6
8-2-2024,6,113.0
8-2-2024,7,379.0
8-2-2024,8,482.3
8-2-2024,9,266.6
8-2-2024,10,203.2
8-2-2024,11,203.2
8-2-2024,12,264.0
8-2-2024,13,258.3
8-2-2024,14,300.6
8-2-2024,15,361.1
8-2-2024,16,411.3
8-2-2024,17,431.3
8-2-2024,18,259.4
8-2-2024,19,147.3
8-2-2024,20,110.0
8-2-2024,21,104.5
8-2-2024,22,97.1
8-2-2024,23,67.7
9-2-2024,0,21.6
9-2-2024,1,2.2
9-2-2024,2,0.9
9-2-2024,3,1.3
9-2-2024,4,2.4
9-2-2024,5,17.2
9-2-2024,6,84.1
9-2-2024,7,277.3
9-2-2024,8,365.1
9-2-2024,9,226.5
9-2-2024,10,193.3
9-2-2024,11,208.6
9-2-2024,12,269.9
9-2-2024,13,269.9
9-2-2024,14,307.5
9-2-2024,15,338.9
9-2-2024,16,339.7
9-2-2024,17,332.6
9-2-2024,18,243.0
9-2-2024,19,162.0
9-2-2024,20,122.6
9-2-2024,21,108.7
9-2-2024,22,112.1
9-2-2024,23,97.6
10-2-2024,0,49.1
10-2-2024,1,11.2
10-2-2024,2,4.7
10-2-2024,3,2.8
10-2-2024,4,3.0
10-2-2024,5,5.5
10-2-2024,6,15.9
10-2-2024,7,36.0
10-2-2024,8,69.1
10-2-2024,9,107.2
10-2-2024,10,135.0
10-2-2024,11,170.7
10-2-2024,12,202.3
10-2-2024,13,220.8
10-2-2024,14,217.7
10-2-2024,15,210.3
10-2-2024,16,208.8
10-2-2024,17,197.2
10-2-2024,18,168.9
10-2-2024,19,139.4
10-2-2024,20,117.6
10-2-2024,21,106.8
10-2-2024,22,107.2
10-2-2024,23,97.1
11-2-2024,0,51.7
11-2-2024,1,12.1
11-2-2024,2,5.2
11-2-2024,3,3.2
11-2-2024,4,3.3
11-2-2024,5,4.7
11-2-2024,6,5.5
11-2-2024,7,15.9
11-2-2024,8,34.2
11-2-2024,9,64.8
11-2-2024,10,93.2
11-2-2024,11,126.5
11-2-2024,12,152.1
11-2-2024,13,166.3
11-2-2024,14,161.7
11-2-2024,15,156.2
11-2-2024,16,157.2
11-2-2024,17,151.0
11-2-2024,18,132.7
11-2-2024,19,111.5
11-2-2024,20,99.3
11-2-2024,21,83.7
11-2-2024,22,74.1
11-2-2024,23,47.3
12-2-2024,0,15.9
12-2-2024,1,1.7
12-2-2024,2,1.2
12-2-2024,3,0.9
12-2-2024,4,2.1
12-2-2024,5,19.1
12-2-2024,6,98.1
12-2-2024,7,302.3
12-2-2024,8,381.9
12-2-2024,9,216.9
12-2-2024,10,176.0
12-2-2024,11,185.4
12-2-2024,12,232.5
12-2-2024,13,228.6
12-2-2024,14,263.5
12-2-2024,15,305.8
12-2-2024,16,350.7
12-2-2024,17,371.9
12-2-2024,18,213.5
12-2-2024,19,123.4
12-2-2024,20,92.0
12-2-2024,21,75.5
12-2-2024,22,66.7
12-2-2024,23,44.8
13-2-2024,0,15.0
13-2-2024,1,2.2
13-2-2024,2,1.4
13-2-2024,3,1.1
13-2-2024,4,1.9
13-2-2024,5,19.3
13-2-2024,6,109.1
13-2-2024,7,345.7
13-2-2024,8,432.8
13-2-2024,9,238.5
13-2-2024,10,187.3
13-2-2024,11,193.7
13-2-2024,12,244.8
13-2-2024,13,241.8
13-2-2024,14,276.4
13-2-2024,15,321.8
13-2-2024,16,380.6
13-2-2024,17,421.3
13-2-2024,18,248.6
13-2-2024,19,137.4
13-2-2024,20,97.4
13-2-2024,21,88.3
13-2-2024,22,75.4
13-2-2024,23,45.6
14-2-2024,0,15.2
14-2-2024,1,1.3
14-2-2024,2,0.5
14-2-2024,3,0.6
14-2-2024,4,1.9
14-2-2024,5,18.1
14-2-2024,6,97.2
14-2-2024,7,302.0
14-2-2024,8,392.3
14-2-2024,9,235.8
14-2-2024,10,192.5
14-2-2024,11,200.5
14-2-2024,12,259.3
14-2-2024,13,250.3
14-2-2024,14,279.4
14-2-2024,15,323.2
14-2-2024,16,361.2
14-2-2024,17,383.5
14-2-2024,18,236.2
14-2-2024,19,138.5
14-2-2024,20,101.1
14-2-2024,21,94.5
14-2-2024,22,90.5
14-2-2024,23,55.8
15-2-2024,0,17.8
15-2-2024,1,1.3
15-2-2024,2,0.4
15-2-2024,3,0.8
15-2-2024,4,2.0
15-2-2024,5,19.4
15-2-2024,6,110.8
15-2-2024,7,355.8
15-2-2024,8,466.8
15-2-2024,9,264.0
15-2-2024,10,200.1
15-2-2024,11,197.3
15-2-2024,12,249.0
15-2-2024,13,244.2
15-2-2024,14,279.3
15-2-2024,15,332.6
15-2-2024,16,389.6
15-2-2024,17,430.0
15-2-2024,18,266.1
15-2-2024,19,155.6
15-2-2024,20,114.4
15-2-2024,21,108.9
15-2-2024,22,94.9
15-2-2024,23,75.5
16-2-2024,0,22.4
16-2-2024,1,2.5
16-2-2024,2,1.1
16-2-2024,3,1.4
16-2-2024,4,2.7
16-2-2024,5,17.2
16-2-2024,6,78.9
16-2-2024,7,232.4
16-2-2024,8,305.7
16-2-2024,9,206.2
16-2-2024,10,185.8
16-2-2024,11,202.6
16-2-2024,12,247.5
16-2-2024,13,244.2
16-2-2024,14,273.3
16-2-2024,15,299.2
16-2-2024,16,310.4
16-2-2024,17,315.7
16-2-2024,18,236.0
16-2-2024,19,157.9
16-2-2024,20,117.6
16-2-2024,21,103.2
16-2-2024,22,107.9
16-2-2024,23,91.5
17-2-2024,0,43.0
17-2-2024,1,8.4
17-2-2024,2,3.4
17-2-2024,3,2.8
17-2-2024,4,3.5
17-2-2024,5,5.9
17-2-2024,6,17.1
17-2-2024,7,36.5
17-2-2024,8,66.4
17-2-2024,9,100.5
17-2-2024,10,127.2
17-2-2024,11,156.3
17-2-2024,12,178.1
17-2-2024,13,194.6
17-2-2024,14,193.5
17-2-2024,15,190.5
17-2-2024,16,199.9
17-2-2024,17,194.5
17-2-2024,18,162.7
17-2-2024,19,127.4
17-2-2024,20,102.8
17-2-2024,21,92.3
17-2-2024,22,93.7
17-2-2024,23,84.2
18-2-2024,0,42.5
18-2-2024,1,9.2
18-2-2024,2,3.8
18-2-2024,3,3.3
18-2-2024,4,3.6
18-2-2024,5,5.1
18-2-2024,6,5.9
18-2-2024,7,16.6
18-2-2024,8,33.1
18-2-2024,9,61.7
18-2-2024,10,87.1
18-2-2024,11,117.8
18-2-2024,12,142.6
18-2-2024,13,156.1
18-2-2024,14,146.3
18-2-2024,15,144.1
18-2-2024,16,152.6
18-2-2024,17,149.6
18-2-2024,18,127.5
18-2-2024,19,103.0
18-2-2024,20,86.2
18-2-2024,21,71.6
18-2-2024,22,56.2
18-2-2024,23,34.9
19-2-2024,0,10.2
19-2-2024,1,0.7
19-2-2024,2,0.3
19-2-2024,3,0.6
19-2-2024,4,2.0
19-2-2024,5,18.8
19-2-2024,6,96.7
19-2-2024,7,256.0
19-2-2024,8,299.7
19-2-2024,9,176.8
19-2-2024,10,151.6
19-2-2024,11,157.6
19-2-2024,12,194.0
19-2-2024,13,193.7
19-2-2024,14,210.7
19-2-2024,15,254.8
19-2-2024,16,309.5
19-2-2024,17,351.4
19-2-2024,18,192.3
19-2-2024,19,108.0
19-2-2024,20,80.2
19-2-2024,21,70.7
19-2-2024,22,59.8
19-2-2024,23,34.9
20-2-2024,0,10.9
20-2-2024,1,1.0
20-2-2024,2,0.4
20-2-2024,3,0.6
20-2-2024,4,2.0
20-2-2024,5,18.8
20-2-2024,6,102.4
20-2-2024,7,279.5
20-2-2024,8,332.8
20-2-2024,9,200.1
20-2-2024,10,169.1
20-2-2024,11,174.6
20-2-2024,12,213.2
20-2-2024,13,211.2
20-2-2024,14,230.6
20-2-2024,15,277.5
20-2-2024,16,338.9
20-2-2024,17,390.5
20-2-2024,18,222.6
20-2-2024,19,122.5
20-2-2024,20,90.8
20-2-2024,21,79.4
20-2-2024,22,68.6
20-2-2024,23,47.6
21-2-2024,0,13.5
21-2-2024,1,1.1
21-2-2024,2,0.5
21-2-2024,3,0.7
21-2-2024,4,2.1
21-2-2024,5,17.9
21-2-2024,6,88.5
21-2-2024,7,232.9
21-2-2024,8,285.7
21-2-2024,9,188.2
21-2-2024,10,166.4
21-2-2024,11,175.7
21-2-2024,12,214.0
21-2-2024,13,210.5
21-2-2024,14,227.7
21-2-2024,15,267.6
21-2-2024,16,319.9
21-2-2024,17,356.1
21-2-2024,18,219.8
21-2-2024,19,127.3
21-2-2024,20,95.1
21-2-2024,21,87.8
21-2-2024,22,75.7
21-2-2024,23,48.1
22-2-2024,0,15.0
22-2-2024,1,1.2
22-2-2024,2,0.5
22-2-2024,3,0.7
22-2-2024,4,2.0
22-2-2024,5,18.3
22-2-2024,6,98.1
22-2-2024,7,269.5
22-2-2024,8,329.7
22-2-2024,9,199.6
22-2-2024,10,168.2
22-2-2024,11,176.4
22-2-2024,12,214.3
22-2-2024,13,212.0
22-2-2024,14,233.9
22-2-2024,15,277.4
22-2-2024,16,340.1
22-2-2024,17,385.3
22-2-2024,18,232.8
22-2-2024,19,137.4
22-2-2024,20,105.9
22-2-2024,21,98.9
22-2-2024,22,88.8
22-2-2024,23,58.4
23-2-2024,0,22.0
23-2-2024,1,1.8
23-2-2024,2,1.0
23-2-2024,3,1.4
23-2-2024,4,2.7
23-2-2024,5,17.1
23-2-2024,6,73.7
23-2-2024,7,184.3
23-2-2024,8,241.3
23-2-2024,9,183.9
23-2-2024,10,171.1
23-2-2024,11,182.8
23-2-2024,12,228.8
23-2-2024,13,231.6
23-2-2024,14,249.2
23-2-2024,15,282.1
23-2-2024,16,301.4
23-2-2024,17,318.2
23-2-2024,18,244.8
23-2-2024,19,167.4
23-2-2024,20,125.6
23-2-2024,21,110.2
23-2-2024,22,114.0
23-2-2024,23,98.5
24-2-2024,0,46.0
24-2-2024,1,8.8
24-2-2024,2,3.3
24-2-2024,3,2.9
24-2-2024,4,3.5
24-2-2024,5,6.0
24-2-2024,6,17.9
24-2-2024,7,36.5
24-2-2024,8,68.9
24-2-2024,9,105.6
24-2-2024,10,134.3
24-2-2024,11,164.4
24-2-2024,12,189.8
24-2-2024,13,207.4
24-2-2024,14,208.0
24-2-2024,15,203.2
24-2-2024,16,205.8
24-2-2024,17,198.9
24-2-2024,18,166.9
24-2-2024,19,136.1
24-2-2024,20,112.9
24-2-2024,21,99.0
24-2-2024,22,108.8
24-2-2024,23,103.5
25-2-2024,0,49.6
25-2-2024,1,10.2
25-2-2024,2,4.0
25-2-2024,3,3.2
25-2-2024,4,3.6
25-2-2024,5,5.0
25-2-2024,6,7.2
25-2-2024,7,17.7
25-2-2024,8,36.0
25-2-2024,9,66.4
25-2-2024,10,88.7
25-2-2024,11,119.7
25-2-2024,12,143.0
25-2-2024,13,157.5
25-2-2024,14,155.5
25-2-2024,15,153.6
25-2-2024,16,155.5
25-2-2024,17,149.5
25-2-2024,18,129.1
25-2-2024,19,109.5
25-2-2024,20,92.0
25-2-2024,21,73.1
25-2-2024,22,59.2
25-2-2024,23,36.1
26-2-2024,0,10.1
26-2-2024,1,0.8
26-2-2024,2,0.3
26-2-2024,3,0.5
26-2-2024,4,2.0
26-2-2024,5,19.7
26-2-2024,6,111.7
26-2-2024,7,365.1
26-2-2024,8,450.2
26-2-2024,9,254.3
26-2-2024,10,194.4
26-2-2024,11,196.4
26-2-2024,12,246.3
26-2-2024,13,234.0
26-2-2024,14,281.7
26-2-2024,15,344.6
26-2-2024,16,392.1
26-2-2024,17,405.7
26-2-2024,18,215.8
26-2-2024,19,114.9
26-2-2024,20,83.6
26-2-2024,21,73.1
26-2-2024,22,63.5
26-2-2024,23,34.5
27-2-2024,0,9.9
27-2-2024,1,0.8
27-2-2024,2,0.3
27-2-2024,3,0.5
27-2-2024,4,1.6
27-2-2024,5,18.9
27-2-2024,6,117.5
27-2-2024,7,398.7
27-2-2024,8,488.0
27-2-2024,9,268.9
27-2-2024,10,201.7
27-2-2024,11,200.0
27-2-2024,12,254.3
27-2-2024,13,249.9
27-2-2024,14,301.1
27-2-2024,15,354.3
27-2-2024,16,403.6
27-2-2024,17,427.4
27-2-2024,18,239.8
27-2-2024,19,129.3
27-2-2024,20,91.6
27-2-2024,21,81.5
27-2-2024,22,72.3
27-2-2024,23,40.1
28-2-2024,0,11.4
28-2-2024,1,1.0
28-2-2024,2,0.5
28-2-2024,3,0.6
28-2-2024,4,1.8
28-2-2024,5,18.2
28-2-2024,6,100.0
28-2-2024,7,338.3
28-2-2024,8,426.6
28-2-2024,9,251.4
28-2-2024,10,195.4
28-2-2024,11,202.8
28-2-2024,12,260.5
28-2-2024,13,249.4
28-2-2024,14,282.7
28-2-2024,15,336.4
28-2-2024,16,372.0
28-2-2024,17,370.8
28-2-2024,18,216.9
28-2-2024,19,125.7
28-2-2024,20,92.1
28-2-2024,21,83.3
28-2-2024,22,72.9
28-2-2024,23,49.6
29-2-2024,0,13.9
29-2-2024,1,1.1
29-2-2024,2,0.4
29-2-2024,3,0.6
29-2-2024,4,2.0
29-2-2024,5,19.2
29-2-2024,6,113.4
29-2-2024,7,392.0
29-2-2024,8,501.7
29-2-2024,9,281.1
29-2-2024,10,209.8
29-2-2024,11,210.2
29-2-2024,12,264.9
29-2-2024,13,259.0
29-2-2024,14,307.0
29-2-2024,15,373.3
29-2-2024,16,415.3
29-2-2024,17,434.4
29-2-2024,18,265.6
29-2-2024,19,155.0
29-2-2024,20,111.5
29-2-2024,21,103.7
29-2-2024,22,103.0
29-2-2024,23,64.4
1-3-2024,0,21.0
1-3-2024,1,2.2
1-3-2024,2,1.0
1-3-2024,3,1.3
1-3-2024,4,2.5
1-3-2024,5,17.2
1-3-2024,6,85.1
1-3-2024,7,287.1
1-3-2024,8,369.6
1-3-2024,9,231.9
1-3-2024,10,195.5
1-3-2024,11,207.5
1-3-2024,12,267.2
1-3-2024,13,271.6
1-3-2024,14,315.7
1-3-2024,15,343.3
1-3-2024,16,346.0
1-3-2024,17,338.9
1-3-2024,18,245.0
1-3-2024,19,164.7
1-3-2024,20,122.5
1-3-2024,21,108.1
1-3-2024,22,110.7
1-3-2024,23,97.4
2-3-2024,0,48.3
2-3-2024,1,9.2
2-3-2024,2,3.1
2-3-2024,3,2.7
2-3-2024,4,3.3
2-3-2024,5,5.8
2-3-2024,6,17.1
2-3-2024,7,40.0
2-3-2024,8,71.9
2-3-2024,9,106.6
2-3-2024,10,131.8
2-3-2024,11,162.2
2-3-2024,12,185.4
2-3-2024,13,200.6
2-3-2024,14,205.2
2-3-2024,15,203.4
2-3-2024,16,204.5
2-3-2024,17,195.7
2-3-2024,18,168.4
2-3-2024,19,137.3
2-3-2024,20,111.4
2-3-2024,21,97.0
2-3-2024,22,101.7
2-3-2024,23,95.5
3-3-2024,0,47.8
3-3-2024,1,10.7
3-3-2024,2,4.4
3-3-2024,3,3.5
3-3-2024,4,3.9
3-3-2024,5,5.5
3-3-2024,6,7.2
3-3-2024,7,17.7
3-3-2024,8,37.2
3-3-2024,9,69.2
3-3-2024,10,97.8
3-3-2024,11,126.7
3-3-2024,12,140.2
3-3-2024,13,152.2
3-3-2024,14,160.3
3-3-2024,15,152.0
3-3-2024,16,158.5
3-3-2024,17,152.4
3-3-2024,18,129.8
3-3-2024,19,110.0
3-3-2024,20,93.6
3-3-2024,21,73.7
3-3-2024,22,57.1
3-3-2024,23,33.0
4-3-2024,0,9.9
4-3-2024,1,0.8
4-3-2024,2,0.3
4-3-2024,3,0.5
4-3-2024,4,2.0
4-3-2024,5,19.4
4-3-2024,6,110.8
4-3-2024,7,365.0
4-3-2024,8,445.6
4-3-2024,9,247.8
4-3-2024,10,191.0
4-3-2024,11,190.1
4-3-2024,12,237.2
4-3-2024,13,233.1
4-3-2024,14,276.1
4-3-2024,15,336.5
4-3-2024,16,385.4
4-3-2024,17,398.2
4-3-2024,18,212.9
4-3-2024,19,117.8
4-3-2024,20,85.7
4-3-2024,21,72.9
4-3-2024,22,58.7
4-3-2024,23,32.7
5-3-2024,0,9.7
5-3-2024,1,0.7
5-3-2024,2,0.3
5-3-2024,3,0.5
5-3-2024,4,1.8
5-3-2024,5,19.9
5-3-2024,6,119.7
5-3-2024,7,398.6
5-3-2024,8,488.0
5-3-2024,9,268.0
5-3-2024,10,199.7
5-3-2024,11,199.0
5-3-2024,12,252.8
5-3-2024,13,247.1
5-3-2024,14,297.6
5-3-2024,15,350.0
5-3-2024,16,404.9
5-3-2024,17,431.5
5-3-2024,18,237.0
5-3-2024,19,126.5
5-3-2024,20,91.4
5-3-2024,21,80.6
5-3-2024,22,70.2
5-3-2024,23,41.5
6-3-2024,0,11.7
6-3-2024,1,0.9
6-3-2024,2,0.4
6-3-2024,3,0.7
6-3-2024,4,2.0
6-3-2024,5,18.3
6-3-2024,6,102.0
6-3-2024,7,340.9
6-3-2024,8,430.7
6-3-2024,9,250.5
6-3-2024,10,194.8
6-3-2024,11,201.4
6-3-2024,12,258.8
6-3-2024,13,248.2
6-3-2024,14,283.0
6-3-2024,15,334.0
6-3-2024,16,371.5
6-3-2024,17,371.5
6-3-2024,18,218.0
6-3-2024,19,128.4
6-3-2024,20,94.5
6-3-2024,21,87.4
6-3-2024,22,76.3
6-3-2024,23,45.7
7-3-2024,0,13.0
7-3-2024,1,1.0
7-3-2024,2,0.5
7-3-2024,3,0.7
7-3-2024,4,2.0
7-3-2024,5,19.5
7-3-2024,6,113.3
7-3-2024,7,381.4
7-3-2024,8,476.5
7-3-2024,9,267.1
7-3-2024,10,206.6
7-3-2024,11,203.8
7-3-2024,12,258.8
7-3-2024,13,252.4
7-3-2024,14,296.9
7-3-2024,15,355.9
7-3-2024,16,412.6
7-3-2024,17,427.9
7-3-2024,18,246.3
7-3-2024,19,145.7
7-3-2024,20,116.2
7-3-2024,21,110.9
7-3-2024,22,93.3
7-3-2024,23,57.7
8-3-2024,0,18.1
8-3-2024,1,1.9
8-3-2024,2,0.9
8-3-2024,3,1.3
8-3-2024,4,2.5
8-3-2024,5,17.1
8-3-2024,6,84.1
8-3-2024,7,278.6
8-3-2024,8,361.6
8-3-2024,9,229.8
8-3-2024,10,197.1
8-3-2024,11,209.7
8-3-2024,12,266.9
8-3-2024,13,269.7
8-3-2024,14,308.4
8-3-2024,15,340.5
8-3-2024,16,346.0
8-3-2024,17,338.9
8-3-2024,18,249.2
8-3-2024,19,170.8
8-3-2024,20,125.8
8-3-2024,21,110.7
8-3-2024,22,115.1
8-3-2024,23,102.3
9-3-2024,0,45.8
9-3-2024,1,8.6
9-3-2024,2,3.6
9-3-2024,3,2.8
9-3-2024,4,3.2
9-3-2024,5,6.0
9-3-2024,6,16.2
9-3-2024,7,39.5
9-3-2024,8,72.6
9-3-2024,9,110.1
9-3-2024,10,134.3
9-3-2024,11,161.4
9-3-2024,12,183.2
9-3-2024,13,197.3
9-3-2024,14,200.7
9-3-2024,15,200.8
9-3-2024,16,205.4
9-3-2024,17,199.2
9-3-2024,18,163.2
9-3-2024,19,131.0
9-3-2024,20,108.9
9-3-2024,21,94.1
9-3-2024,22,99.1
9-3-2024,23,92.5
10-3-2024,0,43.0
10-3-2024,1,8.7
10-3-2024,2,3.6
10-3-2024,3,3.0
10-3-2024,4,3.6
10-3-2024,5,5.4
10-3-2024,6,6.9
10-3-2024,7,18.3
10-3-2024,8,39.1
10-3-2024,9,72.4
10-3-2024,10,98.9
10-3-2024,11,125.8
10-3-2024,12,151.7
10-3-2024,13,159.2
10-3-2024,14,149.9
10-3-2024,15,146.9
10-3-2024,16,161.8
10-3-2024,17,156.0
10-3-2024,18,128.7
10-3-2024,19,109.8
10-3-2024,20,90.9
10-3-2024,21,74.8
10-3-2024,22,60.3
10-3-2024,23,32.2
11-3-2024,0,9.5
11-3-2024,1,0.8
11-3-2024,2,0.3
11-3-2024,3,0.6
11-3-2024,4,2.0
11-3-2024,5,19.8
11-3-2024,6,112.4
11-3-2024,7,368.6
11-3-2024,8,466.1
11-3-2024,9,263.1
11-3-2024,10,202.3
11-3-2024,11,199.7
11-3-2024,12,245.9
11-3-2024,13,238.6
11-3-2024,14,285.3
11-3-2024,15,345.8
11-3-2024,16,394.6
11-3-2024,17,404.7
11-3-2024,18,208.1
11-3-2024,19,109.5
11-3-2024,20,80.5
11-3-2024,21,70.5
11-3-2024,22,61.3
11-3-2024,23,33.4
12-3-2024,0,9.4
12-3-2024,1,0.8
12-3-2024,2,0.3
12-3-2024,3,0.6
12-3-2024,4,1.9
12-3-2024,5,20.2
12-3-2024,6,119.8
12-3-2024,7,393.0
12-3-2024,8,485.6
12-3-2024,9,267.4
12-3-2024,10,198.2
12-3-2024,11,198.8
12-3-2024,12,253.7
12-3-2024,13,245.8
12-3-2024,14,291.0
12-3-2024,15,345.1
12-3-2024,16,403.5
12-3-2024,17,427.4
12-3-2024,18,226.0
12-3-2024,19,119.5
12-3-2024,20,87.8
12-3-2024,21,81.9
12-3-2024,22,71.0
12-3-2024,23,40.0
13-3-2024,0,11.9
13-3-2024,1,0.9
13-3-2024,2,0.4
13-3-2024,3,0.7
13-3-2024,4,1.9
13-3-2024,5,18.5
13-3-2024,6,102.0
13-3-2024,7,331.4
13-3-2024,8,422.9
13-3-2024,9,248.6
13-3-2024,10,195.1
13-3-2024,11,201.0
13-3-2024,12,256.0
13-3-2024,13,245.4
13-3-2024,14,277.3
13-3-2024,15,321.2
13-3-2024,16,358.9
13-3-2024,17,365.0
13-3-2024,18,207.0
13-3-2024,19,116.0
13-3-2024,20,89.7
13-3-2024,21,81.9
13-3-2024,22,74.0
13-3-2024,23,43.9
14-3-2024,0,12.8
14-3-2024,1,1.0
14-3-2024,2,0.4
14-3-2024,3,0.6
14-3-2024,4,2.0
14-3-2024,5,19.6
14-3-2024,6,112.7
14-3-2024,7,370.4
14-3-2024,8,460.8
14-3-2024,9,260.7
14-3-2024,10,204.4
14-3-2024,11,202.9
14-3-2024,12,253.0
14-3-2024,13,250.4
14-3-2024,14,294.1
14-3-2024,15,346.5
14-3-2024,16,392.7
14-3-2024,17,408.2
14-3-2024,18,238.1
14-3-2024,19,138.6
14-3-2024,20,109.2
14-3-2024,21,99.8
14-3-2024,22,88.6
14-3-2024,23,56.8
15-3-2024,0,19.3
15-3-2024,1,2.0
15-3-2024,2,1.0
15-3-2024,3,1.2
15-3-2024,4,2.4
15-3-2024,5,17.5
15-3-2024,6,85.2
15-3-2024,7,275.1
15-3-2024,8,359.8
15-3-2024,9,228.7
15-3-2024,10,194.8
15-3-2024,11,205.7
15-3-2024,12,259.0
15-3-2024,13,260.5
15-3-2024,14,301.7
15-3-2024,15,329.4
15-3-2024,16,332.9
15-3-2024,17,324.9
15-3-2024,18,233.1
15-3-2024,19,154.4
15-3-2024,20,120.9
15-3-2024,21,106.4
15-3-2024,22,110.7
15-3-2024,23,94.0
16-3-2024,0,44.6
16-3-2024,1,8.4
16-3-2024,2,3.7
16-3-2024,3,2.9
16-3-2024,4,3.2
16-3-2024,5,6.1
16-3-2024,6,16.4
16-3-2024,7,39.5
16-3-2024,8,73.6
16-3-2024,9,108.1
16-3-2024,10,132.6
16-3-2024,11,159.6
16-3-2024,12,178.9
16-3-2024,13,191.1
16-3-2024,14,192.4
16-3-2024,15,193.7
16-3-2024,16,197.4
16-3-2024,17,197.9
16-3-2024,18,166.2
16-3-2024,19,130.0
16-3-2024,20,108.1
16-3-2024,21,94.0
16-3-2024,22,97.6
16-3-2024,23,96.6
17-3-2024,0,46.1
17-3-2024,1,9.9
17-3-2024,2,4.0
17-3-2024,3,3.2
17-3-2024,4,3.5
17-3-2024,5,4.7
17-3-2024,6,6.4
17-3-2024,7,18.2
17-3-2024,8,37.9
17-3-2024,9,67.3
17-3-2024,10,91.1
17-3-2024,11,120.6
17-3-2024,12,140.9
17-3-2024,13,150.2
17-3-2024,14,151.1
17-3-2024,15,148.1
17-3-2024,16,153.6
17-3-2024,17,153.0
17-3-2024,18,130.1
17-3-2024,19,106.8
17-3-2024,20,95.6
17-3-2024,21,75.8
17-3-2024,22,65.2
17-3-2024,23,36.7
18-3-2024,0,10.2
18-3-2024,1,0.9
18-3-2024,2,0.4
18-3-2024,3,0.6
18-3-2024,4,1.9
18-3-2024,5,19.8
18-3-2024,6,110.2
18-3-2024,7,352.5
18-3-2024,8,434.6
18-3-2024,9,243.6
18-3-2024,10,189.2
18-3-2024,11,190.0
18-3-2024,12,233.8
18-3-2024,13,225.5
18-3-2024,14,270.3
18-3-2024,15,324.7
18-3-2024,16,375.2
18-3-2024,17,378.4
18-3-2024,18,198.8
18-3-2024,19,105.3
18-3-2024,20,83.0
18-3-2024,21,72.0
18-3-2024,22,59.2
18-3-2024,23,32.6
19-3-2024,0,9.3
19-3-2024,1,0.8
19-3-2024,2,0.3
19-3-2024,3,0.6
19-3-2024,4,1.9
19-3-2024,5,20.2
19-3-2024,6,118.5
19-3-2024,7,384.6
19-3-2024,8,474.1
19-3-2024,9,265.7
19-3-2024,10,195.4
19-3-2024,11,195.9
19-3-2024,12,247.8
19-3-2024,13,241.1
19-3-2024,14,288.2
19-3-2024,15,340.3
19-3-2024,16,389.8
19-3-2024,17,419.2
19-3-2024,18,224.7
19-3-2024,19,116.7
19-3-2024,20,95.0
19-3-2024,21,89.6
19-3-2024,22,71.8
19-3-2024,23,42.4
20-3-2024,0,11.8
20-3-2024,1,0.9
20-3-2024,2,0.4
20-3-2024,3,0.7
20-3-2024,4,1.9
20-3-2024,5,18.8
20-3-2024,6,102.7
20-3-2024,7,330.5
20-3-2024,8,416.8
20-3-2024,9,247.4
20-3-2024,10,197.8
20-3-2024,11,205.3
20-3-2024,12,255.9
20-3-2024,13,247.6
20-3-2024,14,279.2
20-3-2024,15,326.2
20-3-2024,16,363.6
20-3-2024,17,360.8
20-3-2024,18,211.0
20-3-2024,19,117.3
20-3-2024,20,94.7
20-3-2024,21,87.8
20-3-2024,22,81.0
20-3-2024,23,45.8
21-3-2024,0,13.8
21-3-2024,1,1.0
21-3-2024,2,0.4
21-3-2024,3,0.7
21-3-2024,4,1.8
21-3-2024,5,19.0
21-3-2024,6,113.5
21-3-2024,7,370.1
21-3-2024,8,462.7
21-3-2024,9,263.6
21-3-2024,10,201.2
21-3-2024,11,201.7
21-3-2024,12,250.8
21-3-2024,13,247.1
21-3-2024,14,290.5
21-3-2024,15,341.2
21-3-2024,16,388.3
21-3-2024,17,407.0
21-3-2024,18,241.2
21-3-2024,19,136.2
21-3-2024,20,108.6
21-3-2024,21,101.1
21-3-2024,22,92.2
21-3-2024,23,58.2
22-3-2024,0,18.2
22-3-2024,1,1.8
22-3-2024,2,0.9
22-3-2024,3,1.1
22-3-2024,4,2.4
22-3-2024,5,17.5
22-3-2024,6,86.3
22-3-2024,7,278.7
22-3-2024,8,359.6
22-3-2024,9,231.8
22-3-2024,10,199.4
22-3-2024,11,214.9
22-3-2024,12,266.5
22-3-2024,13,270.6
22-3-2024,14,307.0
22-3-2024,15,334.8
22-3-2024,16,340.6
22-3-2024,17,336.3
22-3-2024,18,246.4
22-3-2024,19,160.9
22-3-2024,20,121.2
22-3-2024,21,104.7
22-3-2024,22,117.6
22-3-2024,23,109.5
23-3-2024,0,49.4
23-3-2024,1,8.6
23-3-2024,2,3.5
23-3-2024,3,2.9
23-3-2024,4,3.3
23-3-2024,5,5.5
23-3-2024,6,18.5
23-3-2024,7,41.1
23-3-2024,8,78.0
23-3-2024,9,117.3
23-3-2024,10,142.4
23-3-2024,11,169.7
23-3-2024,12,189.9
23-3-2024,13,204.6
23-3-2024,14,206.0
23-3-2024,15,203.0
23-3-2024,16,208.1
23-3-2024,17,206.7
23-3-2024,18,173.6
23-3-2024,19,136.1
23-3-2024,20,113.9
23-3-2024,21,98.3
23-3-2024,22,105.2
23-3-2024,23,100.4
24-3-2024,0,48.6
24-3-2024,1,9.1
24-3-2024,2,3.3
24-3-2024,3,2.8
24-3-2024,4,3.1
24-3-2024,5,4.5
24-3-2024,6,5.8
24-3-2024,7,19.8
24-3-2024,8,40.9
24-3-2024,9,73.2
24-3-2024,10,96.1
24-3-2024,11,124.6
24-3-2024,12,145.2
24-3-2024,13,158.4
24-3-2024,14,154.9
24-3-2024,15,154.8
24-3-2024,16,153.4
24-3-2024,17,153.6
24-3-2024,18,128.8
24-3-2024,19,103.5
24-3-2024,20,94.8
24-3-2024,21,76.4
24-3-2024,22,63.3
24-3-2024,23,39.6
25-3-2024,0,11.0
25-3-2024,1,0.9
25-3-2024,2,0.4
25-3-2024,3,0.6
25-3-2024,4,2.0
25-3-2024,5,19.8
25-3-2024,6,111.4
25-3-2024,7,353.0
25-3-2024,8,429.1
25-3-2024,9,244.0
25-3-2024,10,195.6
25-3-2024,11,200.4
25-3-2024,12,237.7
25-3-2024,13,229.5
25-3-2024,14,276.9
25-3-2024,15,328.4
25-3-2024,16,372.5
25-3-2024,17,381.3
25-3-2024,18,204.6
25-3-2024,19,107.7
25-3-2024,20,89.2
25-3-2024,21,76.8
25-3-2024,22,61.1
25-3-2024,23,33.6
26-3-2024,0,9.6
26-3-2024,1,0.8
26-3-2024,2,0.3
26-3-2024,3,0.6
26-3-2024,4,2.0
26-3-2024,5,19.9
26-3-2024,6,120.5
26-3-2024,7,386.7
26-3-2024,8,463.7
26-3-2024,9,260.3
26-3-2024,10,200.4
26-3-2024,11,206.5
26-3-2024,12,248.9
26-3-2024,13,243.7
26-3-2024,14,291.4
26-3-2024,15,341.0
26-3-2024,16,392.7
26-3-2024,17,414.1
26-3-2024,18,227.6
26-3-2024,19,118.7
26-3-2024,20,94.4
26-3-2024,21,82.7
26-3-2024,22,70.0
26-3-2024,23,41.1
27-3-2024,0,11.8
27-3-2024,1,0.9
27-3-2024,2,0.4
27-3-2024,3,0.6
27-3-2024,4,1.9
27-3-2024,5,18.1
27-3-2024,6,102.6
27-3-2024,7,327.4
27-3-2024,8,407.8
27-3-2024,9,244.6
27-3-2024,10,199.1
27-3-2024,11,211.5
27-3-2024,12,257.5
27-3-2024,13,247.7
27-3-2024,14,286.4
27-3-2024,15,332.8
27-3-2024,16,366.6
27-3-2024,17,369.5
27-3-2024,18,229.3
27-3-2024,19,127.9
27-3-2024,20,100.6
27-3-2024,21,90.9
27-3-2024,22,86.0
27-3-2024,23,48.8
28-3-2024,0,14.7
28-3-2024,1,1.2
28-3-2024,2,0.5
28-3-2024,3,0.7
28-3-2024,4,2.2
28-3-2024,5,19.7
28-3-2024,6,116.6
28-3-2024,7,370.1
28-3-2024,8,468.9
28-3-2024,9,277.6
28-3-2024,10,220.5
28-3-2024,11,226.7
28-3-2024,12,273.1
28-3-2024,13,266.7
28-3-2024,14,304.2
28-3-2024,15,357.6
28-3-2024,16,410.4
28-3-2024,17,421.2
28-3-2024,18,266.6
28-3-2024,19,153.9
28-3-2024,20,123.7
28-3-2024,21,116.4
28-3-2024,22,114.9
28-3-2024,23,76.5
29-3-2024,0,28.0
29-3-2024,1,2.9
29-3-2024,2,1.4
29-3-2024,3,1.9
29-3-2024,4,3.2
29-3-2024,5,18.1
29-3-2024,6,66.8
29-3-2024,7,143.1
29-3-2024,8,182.6
29-3-2024,9,158.5
29-3-2024,10,163.8
29-3-2024,11,188.2
29-3-2024,12,219.6
29-3-2024,13,227.5
29-3-2024,14,242.3
29-3-2024,15,261.0
29-3-2024,16,282.9
29-3-2024,17,286.1
29-3-2024,18,225.6
29-3-2024,19,155.0
29-3-2024,20,122.4
29-3-2024,21,107.3
29-3-2024,22,108.3
29-3-2024,23,96.2
30-3-2024,0,45.0
30-3-2024,1,8.1
30-3-2024,2,3.1
30-3-2024,3,2.6
30-3-2024,4,3.5
30-3-2024,5,6.7
30-3-2024,6,17.9
30-3-2024,7,39.4
30-3-2024,8,71.1
30-3-2024,9,107.5
30-3-2024,10,137.2
30-3-2024,11,166.3
30-3-2024,12,188.2
30-3-2024,13,213.0
30-3-2024,14,210.3
30-3-2024,15,204.1
30-3-2024,16,197.7
30-3-2024,17,189.2
30-3-2024,18,156.8
30-3-2024,19,121.5
30-3-2024,20,110.3
30-3-2024,21,94.4
30-3-2024,22,102.5
30-3-2024,23,93.8
31-3-2024,0,42.2
31-3-2024,1,8.3
31-3-2024,3,2.8
31-3-2024,4,3.6
31-3-2024,5,5.3
31-3-2024,6,6.4
31-3-2024,7,17.3
31-3-2024,8,36.8
31-3-2024,9,69.8
31-3-2024,10,96.0
31-3-2024,11,118.6
31-3-2024,12,135.4
31-3-2024,13,144.5
31-3-2024,14,143.2
31-3-2024,15,147.7
31-3-2024,16,151.3
31-3-2024,17,142.8
31-3-2024,18,119.4
31-3-2024,19,101.4
31-3-2024,20,88.1
31-3-2024,21,82.9
31-3-2024,22,72.9
31-3-2024,23,55.7
1-4-2024,0,21.1
1-4-2024,1,2.1
1-4-2024,2,0.7
1-4-2024,3,0.9
1-4-2024,4,1.8
1-4-2024,5,4.4
1-4-2024,6,6.6
1-4-2024,7,21.1
1-4-2024,8,38.6
1-4-2024,9,64.8
1-4-2024,10,91.1
1-4-2024,11,119.8
1-4-2024,12,133.1
1-4-2024,13,145.7
1-4-2024,14,152.5
1-4-2024,15,155.3
1-4-2024,16,155.1
1-4-2024,17,150.2
1-4-2024,18,130.6
1-4-2024,19,117.1
1-4-2024,20,100.5
1-4-2024,21,87.7
1-4-2024,22,62.7
1-4-2024,23,38.5
2-4-2024,0,11.5
2-4-2024,1,0.9
2-4-2024,2,0.4
2-4-2024,3,0.7
2-4-2024,4,2.1
2-4-2024,5,21.0
2-4-2024,6,120.4
2-4-2024,7,377.2
2-4-2024,8,463.8
2-4-2024,9,262.1
2-4-2024,10,207.8
2-4-2024,11,206.9
2-4-2024,12,255.7
2-4-2024,13,255.4
2-4-2024,14,298.1
2-4-2024,15,338.1
2-4-2024,16,393.5
2-4-2024,17,421.7
2-4-2024,18,232.6
2-4-2024,19,126.8
2-4-2024,20,87.0
2-4-2024,21,83.5
2-4-2024,22,71.0
2-4-2024,23,43.9
3-4-2024,0,13.1
3-4-2024,1,1.1
3-4-2024,2,0.4
3-4-2024,3,0.7
3-4-2024,4,2.0
3-4-2024,5,19.1
3-4-2024,6,106.2
3-4-2024,7,342.1
3-4-2024,8,431.8
3-4-2024,9,253.6
3-4-2024,10,203.1
3-4-2024,11,210.2
3-4-2024,12,265.4
3-4-2024,13,252.4
3-4-2024,14,286.5
3-4-2024,15,334.2
3-4-2024,16,372.6
3-4-2024,17,380.7
3-4-2024,18,225.4
3-4-2024,19,130.1
3-4-2024,20,90.2
3-4-2024,21,88.4
3-4-2024,22,79.9
3-4-2024,23,47.6
4-4-2024,0,14.5
4-4-2024,1,1.3
4-4-2024,2,0.4
4-4-2024,3,0.7
4-4-2024,4,2.1
4-4-2024,5,19.4
4-4-2024,6,111.6
4-4-2024,7,370.4
4-4-2024,8,483.6
4-4-2024,9,274.0
4-4-2024,10,206.7
4-4-2024,11,204.2
4-4-2024,12,252.4
4-4-2024,13,255.7
4-4-2024,14,303.0
4-4-2024,15,359.2
4-4-2024,16,408.9
4-4-2024,17,441.0
4-4-2024,18,268.8
4-4-2024,19,159.7
4-4-2024,20,109.4
4-4-2024,21,103.9
4-4-2024,22,97.0
4-4-2024,23,75.1
5-4-2024,0,21.7
5-4-2024,1,2.2
5-4-2024,2,0.8
5-4-2024,3,1.3
5-4-2024,4,2.4
5-4-2024,5,18.0
5-4-2024,6,87.2
5-4-2024,7,271.8
5-4-2024,8,360.7
5-4-2024,9,237.1
5-4-2024,10,206.1
5-4-2024,11,216.1
5-4-2024,12,265.3
5-4-2024,13,271.3
5-4-2024,14,301.1
5-4-2024,15,330.4
5-4-2024,16,337.5
5-4-2024,17,336.8
5-4-2024,18,250.8
5-4-2024,19,170.6
5-4-2024,20,123.9
5-4-2024,21,113.4
5-4-2024,22,116.2
5-4-2024,23,104.6
6-4-2024,0,49.9
6-4-2024,1,10.0
6-4-2024,2,3.4
6-4-2024,3,2.7
6-4-2024,4,3.1
6-4-2024,5,6.0
6-4-2024,6,16.5
6-4-2024,7,43.0
6-4-2024,8,81.4
6-4-2024,9,120.5
6-4-2024,10,147.3
6-4-2024,11,180.3
6-4-2024,12,204.9
6-4-2024,13,225.0
6-4-2024,14,227.8
6-4-2024,15,226.0
6-4-2024,16,225.2
6-4-2024,17,224.9
6-4-2024,18,194.5
6-4-2024,19,157.0
6-4-2024,20,125.1
6-4-2024,21,116.6
6-4-2024,22,121.3
6-4-2024,23,107.4
7-4-2024,0,52.6
7-4-2024,1,11.6
7-4-2024,2,4.8
7-4-2024,3,3.4
7-4-2024,4,3.8
7-4-2024,5,5.1
7-4-2024,6,6.1
7-4-2024,7,19.1
7-4-2024,8,40.4
7-4-2024,9,71.4
7-4-2024,10,100.1
7-4-2024,11,129.6
7-4-2024,12,150.5
7-4-2024,13,159.9
7-4-2024,14,156.5
7-4-2024,15,151.4
7-4-2024,16,162.8
7-4-2024,17,161.6
7-4-2024,18,138.6
7-4-2024,19,118.2
7-4-2024,20,94.1
7-4-2024,21,80.2
7-4-2024,22,61.3
7-4-2024,23,37.7
8-4-2024,0,11.9
8-4-2024,1,1.1
8-4-2024,2,0.5
8-4-2024,3,0.7
8-4-2024,4,2.0
8-4-2024,5,20.3
8-4-2024,6,110.8
8-4-2024,7,343.3
8-4-2024,8,425.8
8-4-2024,9,241.4
8-4-2024,10,191.5
8-4-2024,11,196.3
8-4-2024,12,237.6
8-4-2024,13,230.2
8-4-2024,14,270.8
8-4-2024,15,319.3
8-4-2024,16,363.5
8-4-2024,17,374.4
8-4-2024,18,203.8
8-4-2024,19,114.6
8-4-2024,20,83.7
8-4-2024,21,78.2
8-4-2024,22,64.8
8-4-2024,23,38.6
9-4-2024,0,12.3
9-4-2024,1,0.9
9-4-2024,2,0.4
9-4-2024,3,0.7
9-4-2024,4,2.1
9-4-2024,5,20.2
9-4-2024,6,116.6
9-4-2024,7,368.5
9-4-2024,8,455.9
9-4-2024,9,253.1
9-4-2024,10,200.1
9-4-2024,11,200.9
9-4-2024,12,246.7
9-4-2024,13,245.6
9-4-2024,14,286.3
9-4-2024,15,331.6
9-4-2024,16,386.1
9-4-2024,17,420.3
9-4-2024,18,234.9
9-4-2024,19,127.2
9-4-2024,20,89.4
9-4-2024,21,82.2
9-4-2024,22,72.6
9-4-2024,23,47.3
10-4-2024,0,13.7
10-4-2024,1,1.1
10-4-2024,2,0.4
10-4-2024,3,0.7
10-4-2024,4,2.1
10-4-2024,5,18.3
10-4-2024,6,98.8
10-4-2024,7,294.9
10-4-2024,8,356.5
10-4-2024,9,225.6
10-4-2024,10,187.8
10-4-2024,11,193.6
10-4-2024,12,235.8
10-4-2024,13,227.8
10-4-2024,14,249.1
10-4-2024,15,280.7
10-4-2024,16,323.8
10-4-2024,17,343.7
10-4-2024,18,215.9
10-4-2024,19,130.9
10-4-2024,20,103.5
10-4-2024,21,94.5
10-4-2024,22,83.3
10-4-2024,23,52.1
11-4-2024,0,15.5
11-4-2024,1,1.2
11-4-2024,2,0.5
11-4-2024,3,0.7
11-4-2024,4,2.0
11-4-2024,5,19.7
11-4-2024,6,111.5
11-4-2024,7,359.5
11-4-2024,8,456.0
11-4-2024,9,260.7
11-4-2024,10,200.9
11-4-2024,11,200.2
11-4-2024,12,247.7
11-4-2024,13,242.2
11-4-2024,14,281.1
11-4-2024,15,328.9
11-4-2024,16,381.1
11-4-2024,17,412.8
11-4-2024,18,248.4
11-4-2024,19,144.3
11-4-2024,20,108.6
11-4-2024,21,105.5
11-4-2024,22,95.7
11-4-2024,23,61.8
12-4-2024,0,20.0
12-4-2024,1,2.1
12-4-2024,2,1.0
12-4-2024,3,1.3
12-4-2024,4,2.7
12-4-2024,5,17.6
12-4-2024,6,82.6
12-4-2024,7,254.4
12-4-2024,8,334.4
12-4-2024,9,222.4
12-4-2024,10,192.1
12-4-2024,11,206.5
12-4-2024,12,253.2
12-4-2024,13,255.9
12-4-2024,14,287.1
12-4-2024,15,317.9
12-4-2024,16,326.1
12-4-2024,17,328.0
12-4-2024,18,247.8
12-4-2024,19,168.8
12-4-2024,20,130.4
12-4-2024,21,116.7
12-4-2024,22,118.1
12-4-2024,23,101.0
13-4-2024,0,48.1
13-4-2024,1,9.3
13-4-2024,2,3.6
13-4-2024,3,2.7
13-4-2024,4,3.3
13-4-2024,5,5.6
13-4-2024,6,16.6
13-4-2024,7,42.5
13-4-2024,8,79.6
13-4-2024,9,116.7
13-4-2024,10,142.1
13-4-2024,11,171.5
13-4-2024,12,196.6
13-4-2024,13,211.8
13-4-2024,14,213.5
13-4-2024,15,212.6
13-4-2024,16,214.4
13-4-2024,17,206.7
13-4-2024,18,181.1
13-4-2024,19,146.8
13-4-2024,20,124.2
13-4-2024,21,111.3
13-4-2024,22,110.4
13-4-2024,23,101.2
14-4-2024,0,47.0
14-4-2024,1,10.2
14-4-2024,2,4.2
14-4-2024,3,3.2
14-4-2024,4,3.5
14-4-2024,5,4.9
14-4-2024,6,7.9
14-4-2024,7,31.6
14-4-2024,8,74.4
14-4-2024,9,99.7
14-4-2024,10,126.4
14-4-2024,11,158.3
14-4-2024,12,180.1
14-4-2024,13,178.8
14-4-2024,14,175.4
14-4-2024,15,178.9
14-4-2024,16,178.3
14-4-2024,17,167.3
14-4-2024,18,146.3
14-4-2024,19,126.3
14-4-2024,20,104.0
14-4-2024,21,85.3
14-4-2024,22,64.7
14-4-2024,23,38.3
15-4-2024,0,11.1
15-4-2024,1,0.9
15-4-2024,2,0.4
15-4-2024,3,0.7
15-4-2024,4,2.0
15-4-2024,5,20.1
15-4-2024,6,111.2
15-4-2024,7,348.9
15-4-2024,8,433.8
15-4-2024,9,246.0
15-4-2024,10,192.9
15-4-2024,11,199.2
15-4-2024,12,241.6
15-4-2024,13,234.7
15-4-2024,14,273.5
15-4-2024,15,314.2
15-4-2024,16,357.5
15-4-2024,17,373.7
15-4-2024,18,202.1
15-4-2024,19,110.5
15-4-2024,20,82.5
15-4-2024,21,75.1
15-4-2024,22,63.8
15-4-2024,23,35.0
16-4-2024,0,10.3
16-4-2024,1,0.9
16-4-2024,2,0.5
16-4-2024,3,0.8
16-4-2024,4,2.1
16-4-2024,5,21.0
16-4-2024,6,123.6
16-4-2024,7,396.3
16-4-2024,8,500.5
16-4-2024,9,276.7
16-4-2024,10,205.6
16-4-2024,11,207.0
16-4-2024,12,255.3
16-4-2024,13,250.5
16-4-2024,14,292.9
16-4-2024,15,341.4
16-4-2024,16,398.3
16-4-2024,17,433.8
16-4-2024,18,240.8
16-4-2024,19,129.4
16-4-2024,20,96.6
16-4-2024,21,91.0
16-4-2024,22,76.4
16-4-2024,23,44.7
17-4-2024,0,13.0
17-4-2024,1,0.9
17-4-2024,2,0.5
17-4-2024,3,0.7
17-4-2024,4,2.0
17-4-2024,5,19.1
17-4-2024,6,102.8
17-4-2024,7,325.7
17-4-2024,8,415.8
17-4-2024,9,250.6
17-4-2024,10,194.6
17-4-2024,11,206.3
17-4-2024,12,258.8
17-4-2024,13,244.6
17-4-2024,14,272.2
17-4-2024,15,314.3
17-4-2024,16,354.7
17-4-2024,17,369.0
17-4-2024,18,224.5
17-4-2024,19,128.6
17-4-2024,20,97.7
17-4-2024,21,90.3
17-4-2024,22,81.6
17-4-2024,23,52.1
18-4-2024,0,17.1
18-4-2024,1,1.3
18-4-2024,2,0.5
18-4-2024,3,0.8
18-4-2024,4,2.0
18-4-2024,5,19.8
18-4-2024,6,112.4
18-4-2024,7,358.9
18-4-2024,8,457.4
18-4-2024,9,261.3
18-4-2024,10,204.1
18-4-2024,11,207.9
18-4-2024,12,254.7
18-4-2024,13,247.6
18-4-2024,14,283.5
18-4-2024,15,333.6
18-4-2024,16,383.9
18-4-2024,17,410.1
18-4-2024,18,255.7
18-4-2024,19,152.2
18-4-2024,20,114.6
18-4-2024,21,108.7
18-4-2024,22,98.7
18-4-2024,23,67.2
19-4-2024,0,24.0
19-4-2024,1,2.3
19-4-2024,2,1.1
19-4-2024,3,1.5
19-4-2024,4,2.6
19-4-2024,5,18.2
19-4-2024,6,87.1
19-4-2024,7,263.1
19-4-2024,8,352.7
19-4-2024,9,230.7
19-4-2024,10,193.1
19-4-2024,11,206.7
19-4-2024,12,258.8
19-4-2024,13,260.5
19-4-2024,14,290.7
19-4-2024,15,315.9
19-4-2024,16,327.4
19-4-2024,17,332.9
19-4-2024,18,257.7
19-4-2024,19,170.8
19-4-2024,20,128.0
19-4-2024,21,113.4
19-4-2024,22,114.9
19-4-2024,23,100.3
20-4-2024,0,46.6
20-4-2024,1,8.7
20-4-2024,2,3.5
20-4-2024,3,2.6
20-4-2024,4,3.3
20-4-2024,5,5.7
20-4-2024,6,17.4
20-4-2024,7,44.0
20-4-2024,8,80.7
20-4-2024,9,115.7
20-4-2024,10,137.9
20-4-2024,11,166.3
20-4-2024,12,185.5
20-4-2024,13,198.7
20-4-2024,14,201.8
20-4-2024,15,202.0
20-4-2024,16,204.2
20-4-2024,17,203.2
20-4-2024,18,175.5
20-4-2024,19,140.1
20-4-2024,20,115.8
20-4-2024,21,104.4
20-4-2024,22,106.5
20-4-2024,23,99.1
21-4-2024,0,48.8
21-4-2024,1,10.4
21-4-2024,2,4.3
21-4-2024,3,3.0
21-4-2024,4,3.3
21-4-2024,5,5.1
21-4-2024,6,6.7
21-4-2024,7,19.7
21-4-2024,8,43.9
21-4-2024,9,75.0
21-4-2024,10,98.7
21-4-2024,11,129.9
21-4-2024,12,151.0
21-4-2024,13,165.4
21-4-2024,14,164.4
21-4-2024,15,165.1
21-4-2024,16,166.6
21-4-2024,17,158.5
21-4-2024,18,132.2
21-4-2024,19,107.7
21-4-2024,20,104.0
21-4-2024,21,94.1
21-4-2024,22,69.0
21-4-2024,23,40.4
22-4-2024,0,11.6
22-4-2024,1,1.0
22-4-2024,2,0.4
22-4-2024,3,0.6
22-4-2024,4,2.1
22-4-2024,5,19.9
22-4-2024,6,107.0
22-4-2024,7,322.9
22-4-2024,8,411.0
22-4-2024,9,242.4
22-4-2024,10,194.2
22-4-2024,11,199.5
22-4-2024,12,241.5
22-4-2024,13,233.3
22-4-2024,14,266.8
22-4-2024,15,312.7
22-4-2024,16,363.9
22-4-2024,17,378.9
22-4-2024,18,208.0
22-4-2024,19,117.1
22-4-2024,20,89.7
22-4-2024,21,80.8
22-4-2024,22,67.0
22-4-2024,23,36.8
23-4-2024,0,11.0
23-4-2024,1,0.9
23-4-2024,2,0.4
23-4-2024,3,0.7
23-4-2024,4,1.9
23-4-2024,5,20.1
23-4-2024,6,116.2
23-4-2024,7,361.4
23-4-2024,8,450.7
23-4-2024,9,257.7
23-4-2024,10,201.7
23-4-2024,11,206.4
23-4-2024,12,255.4
23-4-2024,13,248.1
23-4-2024,14,280.0
23-4-2024,15,325.5
23-4-2024,16,392.9
23-4-2024,17,424.7
23-4-2024,18,244.0
23-4-2024,19,133.0
23-4-2024,20,99.1
23-4-2024,21,89.0
23-4-2024,22,78.5
23-4-2024,23,44.3
24-4-2024,0,13.6
24-4-2024,1,1.2
24-4-2024,2,0.6
24-4-2024,3,0.8
24-4-2024,4,2.1
24-4-2024,5,18.7
24-4-2024,6,101.8
24-4-2024,7,310.2
24-4-2024,8,405.1
24-4-2024,9,246.6
24-4-2024,10,197.7
24-4-2024,11,211.0
24-4-2024,12,263.1
24-4-2024,13,252.1
24-4-2024,14,277.5
24-4-2024,15,318.0
24-4-2024,16,356.7
24-4-2024,17,377.9
24-4-2024,18,232.8
24-4-2024,19,140.3
24-4-2024,20,106.0
24-4-2024,21,94.7
24-4-2024,22,87.6
24-4-2024,23,62.9
25-4-2024,0,17.2
25-4-2024,1,1.3
25-4-2024,2,0.6
25-4-2024,3,0.8
25-4-2024,4,2.1
25-4-2024,5,19.4
25-4-2024,6,111.5
25-4-2024,7,347.5
25-4-2024,8,450.4
25-4-2024,9,260.6
25-4-2024,10,207.3
25-4-2024,11,213.7
25-4-2024,12,263.9
25-4-2024,13,253.9
25-4-2024,14,287.2
25-4-2024,15,336.4
25-4-2024,16,391.4
25-4-2024,17,424.3
25-4-2024,18,264.2
25-4-2024,19,161.5
25-4-2024,20,122.5
25-4-2024,21,113.6
25-4-2024,22,104.5
25-4-2024,23,66.2
26-4-2024,0,22.3
26-4-2024,1,2.3
26-4-2024,2,1.0
26-4-2024,3,1.2
26-4-2024,4,2.4
26-4-2024,5,17.4
26-4-2024,6,82.7
26-4-2024,7,232.5
26-4-2024,8,307.4
26-4-2024,9,211.7
26-4-2024,10,189.6
26-4-2024,11,211.7
26-4-2024,12,260.2
26-4-2024,13,262.5
26-4-2024,14,282.8
26-4-2024,15,308.3
26-4-2024,16,318.0
26-4-2024,17,327.0
26-4-2024,18,260.3
26-4-2024,19,200.3
26-4-2024,20,166.9
26-4-2024,21,143.2
26-4-2024,22,134.1
26-4-2024,23,128.7
27-4-2024,0,81.0
27-4-2024,1,27.2
27-4-2024,2,12.1
27-4-2024,3,6.4
27-4-2024,4,5.3
27-4-2024,5,7.4
27-4-2024,6,17.3
27-4-2024,7,33.8
27-4-2024,8,58.6
27-4-2024,9,104.9
27-4-2024,10,161.3
27-4-2024,11,225.8
27-4-2024,12,289.4
27-4-2024,13,325.6
27-4-2024,14,307.9
27-4-2024,15,255.0
27-4-2024,16,214.5
27-4-2024,17,186.9
27-4-2024,18,173.2
27-4-2024,19,170.5
27-4-2024,20,181.7
27-4-2024,21,180.6
27-4-2024,22,179.3
27-4-2024,23,157.5
28-4-2024,0,74.3
28-4-2024,1,16.5
28-4-2024,2,7.0
28-4-2024,3,4.2
28-4-2024,4,4.7
28-4-2024,5,6.6
28-4-2024,6,8.2
28-4-2024,7,21.7
28-4-2024,8,40.1
28-4-2024,9,67.8
28-4-2024,10,91.3
28-4-2024,11,121.7
28-4-2024,12,143.2
28-4-2024,13,157.5
28-4-2024,14,157.8
28-4-2024,15,152.7
28-4-2024,16,151.6
28-4-2024,17,146.0
28-4-2024,18,122.0
28-4-2024,19,99.5
28-4-2024,20,87.5
28-4-2024,21,73.2
28-4-2024,22,60.1
28-4-2024,23,36.3
29-4-2024,0,11.5
29-4-2024,1,1.1
29-4-2024,2,0.5
29-4-2024,3,0.7
29-4-2024,4,2.2
29-4-2024,5,18.7
29-4-2024,6,90.7
29-4-2024,7,206.2
29-4-2024,8,246.3
29-4-2024,9,157.1
29-4-2024,10,141.7
29-4-2024,11,155.8
29-4-2024,12,181.0
29-4-2024,13,181.1
29-4-2024,14,190.7
29-4-2024,15,220.1
29-4-2024,16,276.7
29-4-2024,17,326.7
29-4-2024,18,203.8
29-4-2024,19,121.9
29-4-2024,20,91.5
29-4-2024,21,82.6
29-4-2024,22,73.0
29-4-2024,23,43.8
30-4-2024,0,13.6
30-4-2024,1,1.2
30-4-2024,2,0.5
30-4-2024,3,0.7
30-4-2024,4,2.1
30-4-2024,5,19.0
30-4-2024,6,95.7
30-4-2024,7,229.9
30-4-2024,8,276.4
30-4-2024,9,177.6
30-4-2024,10,152.7
30-4-2024,11,162.1
30-4-2024,12,186.1
30-4-2024,13,187.9
30-4-2024,14,197.6
30-4-2024,15,232.8
30-4-2024,16,299.5
30-4-2024,17,357.4
30-4-2024,18,217.7
30-4-2024,19,128.4
30-4-2024,20,97.9
30-4-2024,21,87.2
30-4-2024,22,74.5
30-4-2024,23,48.5
1-5-2024,0,15.1
1-5-2024,1,1.4
1-5-2024,2,0.5
1-5-2024,3,0.8
1-5-2024,4,2.1
1-5-2024,5,17.6
1-5-2024,6,81.7
1-5-2024,7,185.8
1-5-2024,8,229.5
1-5-2024,9,167.4
1-5-2024,10,156.3
1-5-2024,11,168.7
1-5-2024,12,194.2
1-5-2024,13,196.5
1-5-2024,14,201.7
1-5-2024,15,233.7
1-5-2024,16,281.6
1-5-2024,17,320.0
1-5-2024,18,215.1
1-5-2024,19,136.6
1-5-2024,20,106.7
1-5-2024,21,98.2
1-5-2024,22,90.0
1-5-2024,23,54.5
2-5-2024,0,17.3
2-5-2024,1,1.5
2-5-2024,2,0.5
2-5-2024,3,0.8
2-5-2024,4,1.9
2-5-2024,5,18.4
2-5-2024,6,91.0
2-5-2024,7,220.2
2-5-2024,8,269.0
2-5-2024,9,176.2
2-5-2024,10,153.7
2-5-2024,11,166.4
2-5-2024,12,192.1
2-5-2024,13,192.5
2-5-2024,14,204.7
2-5-2024,15,240.2
2-5-2024,16,299.6
2-5-2024,17,349.3
2-5-2024,18,235.2
2-5-2024,19,151.5
2-5-2024,20,113.7
2-5-2024,21,101.1
2-5-2024,22,90.5
2-5-2024,23,57.1
3-5-2024,0,19.8
3-5-2024,1,1.9
3-5-2024,2,0.9
3-5-2024,3,1.1
3-5-2024,4,2.4
3-5-2024,5,17.1
3-5-2024,6,72.0
3-5-2024,7,151.0
3-5-2024,8,195.7
3-5-2024,9,154.2
3-5-2024,10,146.8
3-5-2024,11,163.3
3-5-2024,12,191.3
3-5-2024,13,197.4
3-5-2024,14,206.1
3-5-2024,15,233.7
3-5-2024,16,261.8
3-5-2024,17,286.8
3-5-2024,18,220.7
3-5-2024,19,148.1
3-5-2024,20,114.1
3-5-2024,21,101.4
3-5-2024,22,104.9
3-5-2024,23,92.6
4-5-2024,0,42.2
4-5-2024,1,7.9
4-5-2024,2,2.9
4-5-2024,3,2.3
4-5-2024,4,3.0
4-5-2024,5,5.7
4-5-2024,6,16.6
4-5-2024,7,39.4
4-5-2024,8,71.0
4-5-2024,9,108.5
4-5-2024,10,134.7
4-5-2024,11,161.1
4-5-2024,12,175.5
4-5-2024,13,183.8
4-5-2024,14,186.5
4-5-2024,15,184.9
4-5-2024,16,187.4
4-5-2024,17,185.8
4-5-2024,18,161.1
4-5-2024,19,121.0
4-5-2024,20,101.4
4-5-2024,21,93.8
4-5-2024,22,91.4
4-5-2024,23,79.7
5-5-2024,0,36.9
5-5-2024,1,7.3
5-5-2024,2,3.0
5-5-2024,3,2.4
5-5-2024,4,3.0
5-5-2024,5,4.8
5-5-2024,6,6.5
5-5-2024,7,18.3
5-5-2024,8,39.7
5-5-2024,9,72.5
5-5-2024,10,102.8
5-5-2024,11,134.7
5-5-2024,12,165.1
5-5-2024,13,186.4
5-5-2024,14,188.7
5-5-2024,15,175.8
5-5-2024,16,165.2
5-5-2024,17,161.8
5-5-2024,18,147.7
5-5-2024,19,129.5
5-5-2024,20,115.8
5-5-2024,21,108.9
5-5-2024,22,104.6
5-5-2024,23,90.3
6-5-2024,0,27.1
6-5-2024,1,2.9
6-5-2024,2,0.7
6-5-2024,3,0.8
6-5-2024,4,2.2
6-5-2024,5,18.8
6-5-2024,6,95.8
6-5-2024,7,246.0
6-5-2024,8,293.4
6-5-2024,9,186.7
6-5-2024,10,163.2
6-5-2024,11,173.3
6-5-2024,12,207.3
6-5-2024,13,202.3
6-5-2024,14,214.3
6-5-2024,15,251.0
6-5-2024,16,305.5
6-5-2024,17,339.2
6-5-2024,18,196.3
6-5-2024,19,112.8
6-5-2024,20,92.9
6-5-2024,21,81.9
6-5-2024,22,69.3
6-5-2024,23,39.1
7-5-2024,0,11.7
7-5-2024,1,0.9
7-5-2024,2,0.5
7-5-2024,3,0.6
7-5-2024,4,2.1
7-5-2024,5,19.4
7-5-2024,6,104.3
7-5-2024,7,279.4
7-5-2024,8,334.6
7-5-2024,9,208.9
7-5-2024,10,174.0
7-5-2024,11,180.2
7-5-2024,12,215.3
7-5-2024,13,210.4
7-5-2024,14,228.1
7-5-2024,15,267.9
7-5-2024,16,333.4
7-5-2024,17,375.7
7-5-2024,18,219.7
7-5-2024,19,127.8
7-5-2024,20,98.3
7-5-2024,21,86.0
7-5-2024,22,74.4
7-5-2024,23,45.9
8-5-2024,0,14.0
8-5-2024,1,1.3
8-5-2024,2,0.6
8-5-2024,3,0.8
8-5-2024,4,2.1
8-5-2024,5,18.0
8-5-2024,6,87.9
8-5-2024,7,226.2
8-5-2024,8,287.8
8-5-2024,9,197.2
8-5-2024,10,170.9
8-5-2024,11,181.7
8-5-2024,12,218.1
8-5-2024,13,214.4
8-5-2024,14,225.9
8-5-2024,15,263.9
8-5-2024,16,309.0
8-5-2024,17,335.1
8-5-2024,18,221.2
8-5-2024,19,139.8
8-5-2024,20,105.8
8-5-2024,21,91.1
8-5-2024,22,90.5
8-5-2024,23,70.6
9-5-2024,0,26.0
9-5-2024,1,2.5
9-5-2024,2,1.0
9-5-2024,3,1.3
9-5-2024,4,2.3
9-5-2024,5,5.5
9-5-2024,6,13.4
9-5-2024,7,30.1
9-5-2024,8,60.9
9-5-2024,9,97.9
9-5-2024,10,121.2
9-5-2024,11,145.0
9-5-2024,12,161.0
9-5-2024,13,173.3
9-5-2024,14,174.8
9-5-2024,15,171.5
9-5-2024,16,167.2
9-5-2024,17,165.3
9-5-2024,18,144.4
9-5-2024,19,117.0
9-5-2024,20,101.7
9-5-2024,21,90.8
9-5-2024,22,85.1
9-5-2024,23,65.6
10-5-2024,0,24.2
10-5-2024,1,2.3
10-5-2024,2,1.1
10-5-2024,3,1.1
10-5-2024,4,2.4
10-5-2024,5,14.1
10-5-2024,6,49.9
10-5-2024,7,97.1
10-5-2024,8,131.9
10-5-2024,9,133.8
10-5-2024,10,141.7
10-5-2024,11,161.8
10-5-2024,12,183.2
10-5-2024,13,194.3
10-5-2024,14,203.3
10-5-2024,15,220.3
10-5-2024,16,232.8
10-5-2024,17,238.8
10-5-2024,18,198.8
10-5-2024,19,147.1
10-5-2024,20,117.0
10-5-2024,21,105.6
10-5-2024,22,107.4
10-5-2024,23,88.9
11-5-2024,0,39.4
11-5-2024,1,7.3
11-5-2024,2,2.8
11-5-2024,3,2.2
11-5-2024,4,2.9
11-5-2024,5,6.0
11-5-2024,6,15.6
11-5-2024,7,37.3
11-5-2024,8,69.5
11-5-2024,9,104.6
11-5-2024,10,129.3
11-5-2024,11,158.0
11-5-2024,12,176.0
11-5-2024,13,188.0
11-5-2024,14,189.9
11-5-2024,15,186.6
11-5-2024,16,189.8
11-5-2024,17,183.6
11-5-2024,18,156.4
11-5-2024,19,130.5
11-5-2024,20,112.0
11-5-2024,21,99.4
11-5-2024,22,100.3
11-5-2024,23,89.4
12-5-2024,0,43.1
12-5-2024,1,10.0
12-5-2024,2,3.8
12-5-2024,3,2.4
12-5-2024,4,2.8
12-5-2024,5,4.7
12-5-2024,6,6.4
12-5-2024,7,18.6
12-5-2024,8,39.9
12-5-2024,9,71.4
12-5-2024,10,97.3
12-5-2024,11,127.5
12-5-2024,12,150.6
12-5-2024,13,159.8
12-5-2024,14,152.3
12-5-2024,15,148.1
12-5-2024,16,158.7
12-5-2024,17,153.9
12-5-2024,18,131.9
12-5-2024,19,119.0
12-5-2024,20,111.0
12-5-2024,21,93.8
12-5-2024,22,69.5
12-5-2024,23,40.1
13-5-2024,0,12.1
13-5-2024,1,1.1
13-5-2024,2,0.5
13-5-2024,3,0.7
13-5-2024,4,2.1
13-5-2024,5,19.5
13-5-2024,6,107.7
13-5-2024,7,330.3
13-5-2024,8,400.9
13-5-2024,9,228.2
13-5-2024,10,176.6
13-5-2024,11,182.8
13-5-2024,12,221.7
13-5-2024,13,212.2
13-5-2024,14,253.4
13-5-2024,15,303.4
13-5-2024,16,346.1
13-5-2024,17,353.8
13-5-2024,18,194.5
13-5-2024,19,106.6
13-5-2024,20,80.1
13-5-2024,21,72.2
13-5-2024,22,65.0
13-5-2024,23,37.2
14-5-2024,0,11.1
14-5-2024,1,1.0
14-5-2024,2,0.5
14-5-2024,3,0.7
14-5-2024,4,2.1
14-5-2024,5,19.9
14-5-2024,6,115.3
14-5-2024,7,362.7
14-5-2024,8,438.5
14-5-2024,9,248.1
14-5-2024,10,186.6
14-5-2024,11,192.8
14-5-2024,12,242.1
14-5-2024,13,229.3
14-5-2024,14,271.9
14-5-2024,15,319.0
14-5-2024,16,371.1
14-5-2024,17,393.1
14-5-2024,18,223.4
14-5-2024,19,126.3
14-5-2024,20,95.5
14-5-2024,21,85.0
14-5-2024,22,70.9
14-5-2024,23,42.8
15-5-2024,0,12.7
15-5-2024,1,1.1
15-5-2024,2,0.5
15-5-2024,3,0.7
15-5-2024,4,2.0
15-5-2024,5,19.0
15-5-2024,6,101.0
15-5-2024,7,316.7
15-5-2024,8,395.6
15-5-2024,9,231.4
15-5-2024,10,183.7
15-5-2024,11,194.1
15-5-2024,12,246.9
15-5-2024,13,228.2
15-5-2024,14,260.9
15-5-2024,15,305.7
15-5-2024,16,351.2
15-5-2024,17,355.6
15-5-2024,18,216.1
15-5-2024,19,127.8
15-5-2024,20,93.3
15-5-2024,21,85.5
15-5-2024,22,81.1
15-5-2024,23,47.2
16-5-2024,0,14.2
16-5-2024,1,1.3
16-5-2024,2,0.6
16-5-2024,3,0.7
16-5-2024,4,2.1
16-5-2024,5,19.8
16-5-2024,6,113.6
16-5-2024,7,370.6
16-5-2024,8,464.0
16-5-2024,9,259.4
16-5-2024,10,192.8
16-5-2024,11,197.3
16-5-2024,12,253.9
16-5-2024,13,236.0
16-5-2024,14,274.5
16-5-2024,15,328.7
16-5-2024,16,379.6
16-5-2024,17,400.1
16-5-2024,18,241.7
16-5-2024,19,139.7
16-5-2024,20,109.1
16-5-2024,21,99.3
16-5-2024,22,91.4
16-5-2024,23,58.0
17-5-2024,0,19.9
17-5-2024,1,1.9
17-5-2024,2,1.0
17-5-2024,3,1.1
17-5-2024,4,2.5
17-5-2024,5,17.5
17-5-2024,6,82.5
17-5-2024,7,253.1
17-5-2024,8,329.6
17-5-2024,9,212.2
17-5-2024,10,179.8
17-5-2024,11,194.9
17-5-2024,12,248.5
17-5-2024,13,245.6
17-5-2024,14,273.7
17-5-2024,15,304.1
17-5-2024,16,310.2
17-5-2024,17,310.9
17-5-2024,18,231.0
17-5-2024,19,154.0
17-5-2024,20,114.8
17-5-2024,21,98.2
17-5-2024,22,101.5
17-5-2024,23,92.2
18-5-2024,0,42.3
18-5-2024,1,7.6
18-5-2024,2,3.0
18-5-2024,3,2.0
18-5-2024,4,2.7
18-5-2024,5,5.5
18-5-2024,6,16.6
18-5-2024,7,40.2
18-5-2024,8,74.0
18-5-2024,9,109.9
18-5-2024,10,134.4
18-5-2024,11,161.2
18-5-2024,12,181.9
18-5-2024,13,195.2
18-5-2024,14,194.2
18-5-2024,15,186.9
18-5-2024,16,182.8
18-5-2024,17,177.0
18-5-2024,18,151.7
18-5-2024,19,124.4
18-5-2024,20,107.7
18-5-2024,21,96.3
18-5-2024,22,102.1
18-5-2024,23,93.5
19-5-2024,0,47.3
19-5-2024,1,10.4
19-5-2024,2,3.8
19-5-2024,3,2.8
19-5-2024,4,3.2
19-5-2024,5,4.8
19-5-2024,6,6.3
19-5-2024,7,19.5
19-5-2024,8,39.9
19-5-2024,9,69.6
19-5-2024,10,94.2
19-5-2024,11,121.2
19-5-2024,12,146.8
19-5-2024,13,159.5
19-5-2024,14,150.7
19-5-2024,15,140.6
19-5-2024,16,146.0
19-5-2024,17,137.4
19-5-2024,18,116.9
19-5-2024,19,99.6
19-5-2024,20,91.5
19-5-2024,21,81.9
19-5-2024,22,77.7
19-5-2024,23,61.0
20-5-2024,0,24.3
20-5-2024,1,2.7
20-5-2024,2,1.0
20-5-2024,3,0.9
20-5-2024,4,2.0
20-5-2024,5,4.5
20-5-2024,6,7.6
20-5-2024,7,22.8
20-5-2024,8,44.2
20-5-2024,9,67.7
20-5-2024,10,89.0
20-5-2024,11,116.7
20-5-2024,12,133.0
20-5-2024,13,145.4
20-5-2024,14,148.8
20-5-2024,15,151.5
20-5-2024,16,149.3
20-5-2024,17,143.9
20-5-2024,18,122.6
20-5-2024,19,102.0
20-5-2024,20,88.6
20-5-2024,21,75.0
20-5-2024,22,63.3
20-5-2024,23,37.9
21-5-2024,0,10.9
21-5-2024,1,1.0
21-5-2024,2,0.4
21-5-2024,3,0.6
21-5-2024,4,2.0
21-5-2024,5,20.5
21-5-2024,6,118.6
21-5-2024,7,369.9
21-5-2024,8,441.4
21-5-2024,9,252.1
21-5-2024,10,196.5
21-5-2024,11,201.4
21-5-2024,12,252.2
21-5-2024,13,238.3
21-5-2024,14,276.0
21-5-2024,15,325.8
21-5-2024,16,386.8
21-5-2024,17,406.0
21-5-2024,18,232.7
21-5-2024,19,125.7
21-5-2024,20,89.5
21-5-2024,21,82.9
21-5-2024,22,74.4
21-5-2024,23,40.8
22-5-2024,0,12.2
22-5-2024,1,1.1
22-5-2024,2,0.4
22-5-2024,3,0.6
22-5-2024,4,2.0
22-5-2024,5,19.1
22-5-2024,6,101.5
22-5-2024,7,320.7
22-5-2024,8,405.4
22-5-2024,9,241.7
22-5-2024,10,190.9
22-5-2024,11,199.0
22-5-2024,12,248.6
22-5-2024,13,232.7
22-5-2024,14,262.4
22-5-2024,15,306.9
22-5-2024,16,343.9
22-5-2024,17,354.0
22-5-2024,18,211.5
22-5-2024,19,120.5
22-5-2024,20,91.7
22-5-2024,21,86.9
22-5-2024,22,80.0
22-5-2024,23,47.9
23-5-2024,0,14.7
23-5-2024,1,1.2
23-5-2024,2,0.5
23-5-2024,3,0.7
23-5-2024,4,2.2
23-5-2024,5,20.0
23-5-2024,6,112.0
23-5-2024,7,354.7
23-5-2024,8,447.7
23-5-2024,9,255.2
23-5-2024,10,197.6
23-5-2024,11,202.7
23-5-2024,12,256.0
23-5-2024,13,239.4
23-5-2024,14,277.9
23-5-2024,15,328.5
23-5-2024,16,384.4
23-5-2024,17,400.8
23-5-2024,18,245.2
23-5-2024,19,146.3
23-5-2024,20,111.5
23-5-2024,21,104.2
23-5-2024,22,96.0
23-5-2024,23,68.6
24-5-2024,0,24.1
24-5-2024,1,2.4
24-5-2024,2,1.0
24-5-2024,3,1.1
24-5-2024,4,2.5
24-5-2024,5,17.6
24-5-2024,6,81.3
24-5-2024,7,245.9
24-5-2024,8,320.5
24-5-2024,9,213.6
24-5-2024,10,181.6
24-5-2024,11,197.5
24-5-2024,12,248.8
24-5-2024,13,248.9
24-5-2024,14,288.9
24-5-2024,15,325.0
24-5-2024,16,331.1
24-5-2024,17,330.4
24-5-2024,18,251.8
24-5-2024,19,168.7
24-5-2024,20,122.7
24-5-2024,21,107.9
24-5-2024,22,117.7
24-5-2024,23,103.6
25-5-2024,0,56.4
25-5-2024,1,9.8
25-5-2024,2,3.1
25-5-2024,3,2.4
25-5-2024,4,2.7
25-5-2024,5,5.3
25-5-2024,6,16.4
25-5-2024,7,40.2
25-5-2024,8,75.2
25-5-2024,9,109.8
25-5-2024,10,136.1
25-5-2024,11,168.0
25-5-2024,12,193.0
25-5-2024,13,208.2
25-5-2024,14,214.8
25-5-2024,15,206.0
25-5-2024,16,199.5
25-5-2024,17,194.6
25-5-2024,18,168.7
25-5-2024,19,135.5
25-5-2024,20,108.9
25-5-2024,21,98.0
25-5-2024,22,116.0
25-5-2024,23,106.9
26-5-2024,0,63.6
26-5-2024,1,12.8
26-5-2024,2,4.6
26-5-2024,3,3.2
26-5-2024,4,3.2
26-5-2024,5,4.9
26-5-2024,6,6.4
26-5-2024,7,19.3
26-5-2024,8,42.1
26-5-2024,9,73.0
26-5-2024,10,99.7
26-5-2024,11,129.6
26-5-2024,12,153.5
26-5-2024,13,167.3
26-5-2024,14,162.6
26-5-2024,15,157.3
26-5-2024,16,154.8
26-5-2024,17,156.1
26-5-2024,18,135.5
26-5-2024,19,107.9
26-5-2024,20,98.1
26-5-2024,21,88.8
26-5-2024,22,71.4
26-5-2024,23,45.5
27-5-2024,0,13.7
27-5-2024,1,1.2
27-5-2024,2,0.6
27-5-2024,3,0.6
27-5-2024,4,2.1
27-5-2024,5,19.9
27-5-2024,6,108.4
27-5-2024,7,329.3
27-5-2024,8,407.5
27-5-2024,9,232.9
27-5-2024,10,186.0
27-5-2024,11,193.7
27-5-2024,12,234.5
27-5-2024,13,222.8
27-5-2024,14,265.2
27-5-2024,15,314.1
27-5-2024,16,367.0
27-5-2024,17,371.7
27-5-2024,18,211.1
27-5-2024,19,121.0
27-5-2024,20,90.4
27-5-2024,21,80.1
27-5-2024,22,69.2
27-5-2024,23,41.5
28-5-2024,0,12.3
28-5-2024,1,1.0
28-5-2024,2,0.5
28-5-2024,3,0.7
28-5-2024,4,2.0
28-5-2024,5,20.4
28-5-2024,6,116.3
28-5-2024,7,360.4
28-5-2024,8,436.9
28-5-2024,9,248.2
28-5-2024,10,189.1
28-5-2024,11,193.7
28-5-2024,12,237.5
28-5-2024,13,229.2
28-5-2024,14,270.4
28-5-2024,15,322.1
28-5-2024,16,385.0
28-5-2024,17,403.1
28-5-2024,18,240.9
28-5-2024,19,133.2
28-5-2024,20,93.5
28-5-2024,21,84.6
28-5-2024,22,78.6
28-5-2024,23,44.6
29-5-2024,0,13.4
29-5-2024,1,1.1
29-5-2024,2,0.5
29-5-2024,3,0.6
29-5-2024,4,2.0
29-5-2024,5,19.2
29-5-2024,6,102.6
29-5-2024,7,316.6
29-5-2024,8,405.6
29-5-2024,9,242.7
29-5-2024,10,191.1
29-5-2024,11,202.4
29-5-2024,12,252.4
29-5-2024,13,241.5
29-5-2024,14,273.6
29-5-2024,15,311.7
29-5-2024,16,347.7
29-5-2024,17,364.4
29-5-2024,18,220.3
29-5-2024,19,129.2
29-5-2024,20,98.7
29-5-2024,21,91.2
29-5-2024,22,86.0
29-5-2024,23,55.0
30-5-2024,0,17.2
30-5-2024,1,1.4
30-5-2024,2,0.5
30-5-2024,3,0.8
30-5-2024,4,2.2
30-5-2024,5,19.6
30-5-2024,6,110.2
30-5-2024,7,345.5
30-5-2024,8,434.9
30-5-2024,9,250.8
30-5-2024,10,195.3
30-5-2024,11,202.0
30-5-2024,12,248.5
30-5-2024,13,242.3
30-5-2024,14,284.7
30-5-2024,15,329.5
30-5-2024,16,375.2
30-5-2024,17,391.7
30-5-2024,18,249.0
30-5-2024,19,152.0
30-5-2024,20,118.9
30-5-2024,21,108.6
30-5-2024,22,97.4
30-5-2024,23,64.0
31-5-2024,0,22.8
31-5-2024,1,2.4
31-5-2024,2,1.2
31-5-2024,3,1.3
31-5-2024,4,2.6
31-5-2024,5,17.7
31-5-2024,6,82.8
31-5-2024,7,248.8
31-5-2024,8,325.0
31-5-2024,9,215.3
31-5-2024,10,187.0
31-5-2024,11,202.5
31-5-2024,12,252.0
31-5-2024,13,256.2
31-5-2024,14,286.8
31-5-2024,15,315.0
31-5-2024,16,324.2
31-5-2024,17,314.9
31-5-2024,18,241.8
31-5-2024,19,166.2
31-5-2024,20,124.9
31-5-2024,21,114.1
31-5-2024,22,114.8
31-5-2024,23,105.2
1-6-2024,0,49.7
1-6-2024,1,9.4
1-6-2024,2,3.7
1-6-2024,3,2.7
1-6-2024,4,3.2
1-6-2024,5,5.9
1-6-2024,6,17.0
1-6-2024,7,40.4
1-6-2024,8,73.8
1-6-2024,9,108.5
1-6-2024,10,134.0
1-6-2024,11,167.9
1-6-2024,12,196.7
1-6-2024,13,210.2
1-6-2024,14,211.2
1-6-2024,15,204.4
1-6-2024,16,201.4
1-6-2024,17,194.3
1-6-2024,18,164.8
1-6-2024,19,135.3
1-6-2024,20,113.4
1-6-2024,21,96.7
1-6-2024,22,100.3
1-6-2024,23,108.8
2-6-2024,0,53.6
2-6-2024,1,11.1
2-6-2024,2,4.2
2-6-2024,3,2.8
2-6-2024,4,3.3
2-6-2024,5,5.0
2-6-2024,6,6.4
2-6-2024,7,18.7
2-6-2024,8,40.3
2-6-2024,9,69.9
2-6-2024,10,93.8
2-6-2024,11,126.9
2-6-2024,12,148.2
2-6-2024,13,166.3
2-6-2024,14,165.8
2-6-2024,15,160.2
2-6-2024,16,157.8
2-6-2024,17,155.5
2-6-2024,18,133.5
2-6-2024,19,113.9
2-6-2024,20,101.2
2-6-2024,21,83.7
2-6-2024,22,70.0
2-6-2024,23,49.8
3-6-2024,0,15.6
3-6-2024,1,1.4
3-6-2024,2,0.6
3-6-2024,3,0.7
3-6-2024,4,2.2
3-6-2024,5,20.8
3-6-2024,6,111.9
3-6-2024,7,331.3
3-6-2024,8,412.5
3-6-2024,9,237.7
3-6-2024,10,189.9
3-6-2024,11,195.0
3-6-2024,12,237.8
3-6-2024,13,231.5
3-6-2024,14,272.1
3-6-2024,15,322.5
3-6-2024,16,367.0
3-6-2024,17,382.7
3-6-2024,18,211.7
3-6-2024,19,118.8
3-6-2024,20,91.0
3-6-2024,21,78.1
3-6-2024,22,68.4
3-6-2024,23,40.8
4-6-2024,0,12.6
4-6-2024,1,1.2
4-6-2024,2,0.5
4-6-2024,3,0.7
4-6-2024,4,2.1
4-6-2024,5,20.4
4-6-2024,6,114.6
4-6-2024,7,352.2
4-6-2024,8,432.6
4-6-2024,9,246.3
4-6-2024,10,189.0
4-6-2024,11,191.9
4-6-2024,12,237.9
4-6-2024,13,231.6
4-6-2024,14,269.4
4-6-2024,15,312.2
4-6-2024,16,367.4
4-6-2024,17,394.3
4-6-2024,18,229.3
4-6-2024,19,126.0
4-6-2024,20,92.7
4-6-2024,21,83.9
4-6-2024,22,75.9
4-6-2024,23,46.4
5-6-2024,0,14.3
5-6-2024,1,1.3
5-6-2024,2,0.6
5-6-2024,3,0.8
5-6-2024,4,2.1
5-6-2024,5,19.3
5-6-2024,6,98.9
5-6-2024,7,296.9
5-6-2024,8,377.2
5-6-2024,9,228.6
5-6-2024,10,186.0
5-6-2024,11,193.2
5-6-2024,12,239.6
5-6-2024,13,230.8
5-6-2024,14,268.7
5-6-2024,15,302.0
5-6-2024,16,346.0
5-6-2024,17,353.2
5-6-2024,18,222.0
5-6-2024,19,128.7
5-6-2024,20,97.1
5-6-2024,21,89.3
5-6-2024,22,87.4
5-6-2024,23,61.2
6-6-2024,0,18.6
6-6-2024,1,1.7
6-6-2024,2,0.7
6-6-2024,3,0.8
6-6-2024,4,2.1
6-6-2024,5,19.9
6-6-2024,6,106.8
6-6-2024,7,328.0
6-6-2024,8,420.1
6-6-2024,9,248.1
6-6-2024,10,192.3
6-6-2024,11,198.4
6-6-2024,12,240.0
6-6-2024,13,234.3
6-6-2024,14,268.0
6-6-2024,15,314.6
6-6-2024,16,367.6
6-6-2024,17,394.8
6-6-2024,18,249.6
6-6-2024,19,150.3
6-6-2024,20,113.2
6-6-2024,21,101.2
6-6-2024,22,97.7
6-6-2024,23,68.3
7-6-2024,0,22.9
7-6-2024,1,2.8
7-6-2024,2,1.1
7-6-2024,3,1.3
7-6-2024,4,2.5
7-6-2024,5,17.7
7-6-2024,6,80.2
7-6-2024,7,233.3
7-6-2024,8,306.5
7-6-2024,9,207.8
7-6-2024,10,177.4
7-6-2024,11,193.8
7-6-2024,12,239.1
7-6-2024,13,243.9
7-6-2024,14,268.6
7-6-2024,15,295.0
7-6-2024,16,302.3
7-6-2024,17,301.3
7-6-2024,18,226.0
7-6-2024,19,154.1
7-6-2024,20,122.8
7-6-2024,21,111.4
7-6-2024,22,110.7
7-6-2024,23,97.1
8-6-2024,0,46.6
8-6-2024,1,8.5
8-6-2024,2,3.5
8-6-2024,3,2.6
8-6-2024,4,3.1
8-6-2024,5,6.1
8-6-2024,6,17.5
8-6-2024,7,40.7
8-6-2024,8,74.2
8-6-2024,9,107.7
8-6-2024,10,133.5
8-6-2024,11,160.5
8-6-2024,12,184.2
8-6-2024,13,198.3
8-6-2024,14,201.0
8-6-2024,15,197.6
8-6-2024,16,195.0
8-6-2024,17,189.7
8-6-2024,18,166.1
8-6-2024,19,131.1
8-6-2024,20,106.9
8-6-2024,21,95.0
8-6-2024,22,99.0
8-6-2024,23,99.9
9-6-2024,0,51.3
9-6-2024,1,10.0
9-6-2024,2,3.8
9-6-2024,3,2.5
9-6-2024,4,3.1
9-6-2024,5,4.9
9-6-2024,6,6.7
9-6-2024,7,20.0
9-6-2024,8,40.4
9-6-2024,9,70.2
9-6-2024,10,95.7
9-6-2024,11,126.2
9-6-2024,12,148.8
9-6-2024,13,160.6
9-6-2024,14,159.1
9-6-2024,15,153.8
9-6-2024,16,152.7
9-6-2024,17,151.2
9-6-2024,18,128.5
9-6-2024,19,110.6
9-6-2024,20,95.8
9-6-2024,21,80.1
9-6-2024,22,65.3
9-6-2024,23,44.0
10-6-2024,0,14.5
10-6-2024,1,1.3
10-6-2024,2,0.6
10-6-2024,3,0.6
10-6-2024,4,2.0
10-6-2024,5,20.2
10-6-2024,6,108.9
10-6-2024,7,333.4
10-6-2024,8,428.2
10-6-2024,9,243.3
10-6-2024,10,186.8
10-6-2024,11,187.5
10-6-2024,12,228.6
10-6-2024,13,223.1
10-6-2024,14,264.3
10-6-2024,15,313.0
10-6-2024,16,366.5
10-6-2024,17,387.7
10-6-2024,18,221.9
10-6-2024,19,123.9
10-6-2024,20,86.9
10-6-2024,21,74.8
10-6-2024,22,68.7
10-6-2024,23,53.7
11-6-2024,0,14.1
11-6-2024,1,1.2
11-6-2024,2,0.5
11-6-2024,3,0.7
11-6-2024,4,2.0
11-6-2024,5,20.3
11-6-2024,6,114.5
11-6-2024,7,351.2
11-6-2024,8,432.5
11-6-2024,9,248.5
11-6-2024,10,191.3
11-6-2024,11,193.7
11-6-2024,12,239.7
11-6-2024,13,235.1
11-6-2024,14,271.8
11-6-2024,15,310.2
11-6-2024,16,366.1
11-6-2024,17,393.0
11-6-2024,18,230.5
11-6-2024,19,127.5
11-6-2024,20,98.5
11-6-2024,21,86.9
11-6-2024,22,75.4
11-6-2024,23,47.5
12-6-2024,0,14.2
12-6-2024,1,1.1
12-6-2024,2,0.5
12-6-2024,3,0.8
12-6-2024,4,2.2
12-6-2024,5,19.2
12-6-2024,6,97.4
12-6-2024,7,287.6
12-6-2024,8,365.5
12-6-2024,9,227.0
12-6-2024,10,183.6
12-6-2024,11,194.3
12-6-2024,12,240.7
12-6-2024,13,231.3
12-6-2024,14,258.2
12-6-2024,15,293.5
12-6-2024,16,328.6
12-6-2024,17,345.7
12-6-2024,18,217.6
12-6-2024,19,125.4
12-6-2024,20,95.6
12-6-2024,21,90.0
12-6-2024,22,84.7
12-6-2024,23,50.4
13-6-2024,0,16.4
13-6-2024,1,1.6
13-6-2024,2,0.7
13-6-2024,3,0.8
13-6-2024,4,2.3
13-6-2024,5,20.1
13-6-2024,6,106.3
13-6-2024,7,324.9
13-6-2024,8,411.1
13-6-2024,9,244.5
13-6-2024,10,194.5
13-6-2024,11,200.6
13-6-2024,12,239.9
13-6-2024,13,236.3
13-6-2024,14,268.5
13-6-2024,15,311.7
13-6-2024,16,354.3
13-6-2024,17,373.9
13-6-2024,18,234.9
13-6-2024,19,144.0
13-6-2024,20,114.1
13-6-2024,21,106.7
13-6-2024,22,97.6
13-6-2024,23,67.7
14-6-2024,0,22.5
14-6-2024,1,2.4
14-6-2024,2,1.1
14-6-2024,3,1.3
14-6-2024,4,2.6
14-6-2024,5,17.8
14-6-2024,6,80.1
14-6-2024,7,229.8
14-6-2024,8,299.5
14-6-2024,9,206.0
14-6-2024,10,181.8
14-6-2024,11,195.2
14-6-2024,12,238.8
14-6-2024,13,245.0
14-6-2024,14,272.0
14-6-2024,15,297.9
14-6-2024,16,306.6
14-6-2024,17,303.9
14-6-2024,18,226.5
14-6-2024,19,153.4
14-6-2024,20,120.1
14-6-2024,21,108.1
14-6-2024,22,110.8
14-6-2024,23,105.7
15-6-2024,0,47.6
15-6-2024,1,8.8
15-6-2024,2,3.3
15-6-2024,3,2.6
15-6-2024,4,3.3
15-6-2024,5,6.0
15-6-2024,6,17.7
15-6-2024,7,41.2
15-6-2024,8,71.9
15-6-2024,9,102.5
15-6-2024,10,128.5
15-6-2024,11,160.3
15-6-2024,12,183.0
15-6-2024,13,201.6
15-6-2024,14,207.5
15-6-2024,15,200.7
15-6-2024,16,197.7
15-6-2024,17,193.6
15-6-2024,18,157.4
15-6-2024,19,121.4
15-6-2024,20,105.2
15-6-2024,21,94.6
15-6-2024,22,100.0
15-6-2024,23,107.9
16-6-2024,0,49.6
16-6-2024,1,10.3
16-6-2024,2,3.6
16-6-2024,3,2.9
16-6-2024,4,3.2
16-6-2024,5,4.8
16-6-2024,6,6.9
16-6-2024,7,21.7
16-6-2024,8,41.6
16-6-2024,9,68.7
16-6-2024,10,92.6
16-6-2024,11,121.3
16-6-2024,12,143.4
16-6-2024,13,164.6
16-6-2024,14,156.8
16-6-2024,15,124.8
16-6-2024,16,116.0
16-6-2024,17,140.9
16-6-2024,18,123.1
16-6-2024,19,110.8
16-6-2024,20,105.9
16-6-2024,21,91.4
16-6-2024,22,67.9
16-6-2024,23,45.5
17-6-2024,0,14.1
17-6-2024,1,1.4
17-6-2024,2,0.6
17-6-2024,3,0.7
17-6-2024,4,2.1
17-6-2024,5,19.7
17-6-2024,6,100.1
17-6-2024,7,288.2
17-6-2024,8,348.3
17-6-2024,9,206.5
17-6-2024,10,171.5
17-6-2024,11,179.2
17-6-2024,12,215.1
17-6-2024,13,211.3
17-6-2024,14,239.2
17-6-2024,15,275.2
17-6-2024,16,316.8
17-6-2024,17,337.3
17-6-2024,18,192.2
17-6-2024,19,110.6
17-6-2024,20,87.8
17-6-2024,21,76.6
17-6-2024,22,66.7
17-6-2024,23,43.2
18-6-2024,0,13.3
18-6-2024,1,1.2
18-6-2024,2,0.5
18-6-2024,3,0.7
18-6-2024,4,2.1
18-6-2024,5,20.2
18-6-2024,6,108.9
18-6-2024,7,323.6
18-6-2024,8,406.5
18-6-2024,9,235.3
18-6-2024,10,186.5
18-6-2024,11,192.2
18-6-2024,12,233.2
18-6-2024,13,229.4
18-6-2024,14,260.6
18-6-2024,15,296.8
18-6-2024,16,350.3
18-6-2024,17,383.1
18-6-2024,18,216.4
18-6-2024,19,119.9
18-6-2024,20,92.9
18-6-2024,21,82.0
18-6-2024,22,71.7
18-6-2024,23,48.7
19-6-2024,0,15.4
19-6-2024,1,1.4
19-6-2024,2,0.6
19-6-2024,3,0.8
19-6-2024,4,2.2
19-6-2024,5,18.7
19-6-2024,6,93.6
19-6-2024,7,271.5
19-6-2024,8,342.6
19-6-2024,9,214.4
19-6-2024,10,181.2
19-6-2024,11,195.3
19-6-2024,12,236.3
19-6-2024,13,226.2
19-6-2024,14,248.6
19-6-2024,15,276.3
19-6-2024,16,310.5
19-6-2024,17,330.1
19-6-2024,18,208.8
19-6-2024,19,124.2
19-6-2024,20,97.7
19-6-2024,21,89.6
19-6-2024,22,86.1
19-6-2024,23,63.5
20-6-2024,0,19.9
20-6-2024,1,1.7
20-6-2024,2,0.8
20-6-2024,3,0.9
20-6-2024,4,2.2
20-6-2024,5,19.7
20-6-2024,6,102.9
20-6-2024,7,302.2
20-6-2024,8,386.6
20-6-2024,9,234.0
20-6-2024,10,190.9
20-6-2024,11,198.6
20-6-2024,12,239.9
20-6-2024,13,232.6
20-6-2024,14,260.2
20-6-2024,15,296.7
20-6-2024,16,341.3
20-6-2024,17,366.8
20-6-2024,18,235.2
20-6-2024,19,147.1
20-6-2024,20,117.8
20-6-2024,21,104.2
20-6-2024,22,100.9
20-6-2024,23,74.0
21-6-2024,0,24.6
21-6-2024,1,2.4
21-6-2024,2,1.1
21-6-2024,3,1.2
21-6-2024,4,2.7
21-6-2024,5,17.8
21-6-2024,6,77.2
21-6-2024,7,210.8
21-6-2024,8,276.1
21-6-2024,9,194.8
21-6-2024,10,177.1
21-6-2024,11,195.3
21-6-2024,12,235.4
21-6-2024,13,240.0
21-6-2024,14,268.0
21-6-2024,15,291.0
21-6-2024,16,298.7
21-6-2024,17,301.2
21-6-2024,18,222.0
21-6-2024,19,160.6
21-6-2024,20,125.5
21-6-2024,21,84.7
21-6-2024,22,78.3
21-6-2024,23,123.9
22-6-2024,0,56.1
22-6-2024,1,10.5
22-6-2024,2,3.7
22-6-2024,3,2.5
22-6-2024,4,3.1
22-6-2024,5,5.9
22-6-2024,6,17.1
22-6-2024,7,41.9
22-6-2024,8,76.7
22-6-2024,9,111.5
22-6-2024,10,135.2
22-6-2024,11,161.1
22-6-2024,12,179.6
22-6-2024,13,197.0
22-6-2024,14,199.6
22-6-2024,15,195.6
22-6-2024,16,194.2
22-6-2024,17,188.6
22-6-2024,18,157.9
22-6-2024,19,128.6
22-6-2024,20,112.3
22-6-2024,21,98.6
22-6-2024,22,99.9
22-6-2024,23,97.2
23-6-2024,0,47.3
23-6-2024,1,10.0
23-6-2024,2,4.2
23-6-2024,3,3.0
23-6-2024,4,3.4
23-6-2024,5,4.8
23-6-2024,6,6.6
23-6-2024,7,21.6
23-6-2024,8,43.7
23-6-2024,9,74.9
23-6-2024,10,97.6
23-6-2024,11,126.6
23-6-2024,12,147.2
23-6-2024,13,157.7
23-6-2024,14,157.2
23-6-2024,15,148.3
23-6-2024,16,149.6
23-6-2024,17,151.7
23-6-2024,18,134.9
23-6-2024,19,119.9
23-6-2024,20,105.3
23-6-2024,21,87.5
23-6-2024,22,70.9
23-6-2024,23,49.8
24-6-2024,0,18.1
24-6-2024,1,1.7
24-6-2024,2,0.6
24-6-2024,3,0.7
24-6-2024,4,2.1
24-6-2024,5,19.4
24-6-2024,6,98.8
24-6-2024,7,274.6
24-6-2024,8,334.6
24-6-2024,9,199.3
24-6-2024,10,172.3
24-6-2024,11,188.3
24-6-2024,12,217.6
24-6-2024,13,211.5
24-6-2024,14,235.4
24-6-2024,15,264.9
24-6-2024,16,309.0
24-6-2024,17,330.4
24-6-2024,18,196.1
24-6-2024,19,116.8
24-6-2024,20,92.3
24-6-2024,21,79.2
24-6-2024,22,67.9
24-6-2024,23,49.4
25-6-2024,0,15.2
25-6-2024,1,1.4
25-6-2024,2,0.6
25-6-2024,3,0.7
25-6-2024,4,2.1
25-6-2024,5,19.9
25-6-2024,6,105.3
25-6-2024,7,298.5
25-6-2024,8,365.3
25-6-2024,9,219.7
25-6-2024,10,183.9
25-6-2024,11,196.0
25-6-2024,12,232.9
25-6-2024,13,227.2
25-6-2024,14,253.1
25-6-2024,15,290.5
25-6-2024,16,362.4
25-6-2024,17,344.3
25-6-2024,18,177.5
25-6-2024,19,103.8
25-6-2024,20,125.3
25-6-2024,21,98.4
25-6-2024,22,90.5
25-6-2024,23,60.2
26-6-2024,0,18.8
26-6-2024,1,1.5
26-6-2024,2,0.7
26-6-2024,3,0.8
26-6-2024,4,2.2
26-6-2024,5,18.6
26-6-2024,6,90.1
26-6-2024,7,247.7
26-6-2024,8,312.3
26-6-2024,9,205.0
26-6-2024,10,177.6
26-6-2024,11,197.5
26-6-2024,12,235.5
26-6-2024,13,224.2
26-6-2024,14,236.1
26-6-2024,15,255.1
26-6-2024,16,293.9
26-6-2024,17,312.0
26-6-2024,18,208.0
26-6-2024,19,131.6
26-6-2024,20,109.0
26-6-2024,21,100.6
26-6-2024,22,93.9
26-6-2024,23,68.4
27-6-2024,0,21.8
27-6-2024,1,1.9
27-6-2024,2,0.7
27-6-2024,3,0.9
27-6-2024,4,2.2
27-6-2024,5,19.4
27-6-2024,6,98.9
27-6-2024,7,281.1
27-6-2024,8,357.4
27-6-2024,9,222.9
27-6-2024,10,184.5
27-6-2024,11,199.6
27-6-2024,12,230.8
27-6-2024,13,225.4
27-6-2024,14,246.4
27-6-2024,15,274.1
27-6-2024,16,316.0
27-6-2024,17,342.9
27-6-2024,18,230.3
27-6-2024,19,152.7
27-6-2024,20,126.1
27-6-2024,21,119.5
27-6-2024,22,103.7
27-6-2024,23,76.7
28-6-2024,0,26.6
28-6-2024,1,3.7
28-6-2024,2,1.9
28-6-2024,3,1.5
28-6-2024,4,2.7
28-6-2024,5,17.6
28-6-2024,6,74.9
28-6-2024,7,195.0
28-6-2024,8,253.9
28-6-2024,9,189.2
28-6-2024,10,175.9
28-6-2024,11,196.6
28-6-2024,12,232.8
28-6-2024,13,235.1
28-6-2024,14,250.5
28-6-2024,15,271.0
28-6-2024,16,285.4
28-6-2024,17,285.5
28-6-2024,18,221.8
28-6-2024,19,153.8
28-6-2024,20,126.0
28-6-2024,21,114.6
28-6-2024,22,111.6
28-6-2024,23,99.4
29-6-2024,0,50.2
29-6-2024,1,10.1
29-6-2024,2,5.3
29-6-2024,3,3.6
29-6-2024,4,3.2
29-6-2024,5,6.2
29-6-2024,6,17.3
29-6-2024,7,41.5
29-6-2024,8,76.7
29-6-2024,9,113.9
29-6-2024,10,139.6
29-6-2024,11,166.9
29-6-2024,12,186.7
29-6-2024,13,197.6
29-6-2024,14,203.0
29-6-2024,15,203.8
29-6-2024,16,199.3
29-6-2024,17,194.4
29-6-2024,18,170.8
29-6-2024,19,140.2
29-6-2024,20,126.3
29-6-2024,21,103.5
29-6-2024,22,101.0
29-6-2024,23,101.3
30-6-2024,0,47.2
30-6-2024,1,9.9
30-6-2024,2,5.5
30-6-2024,3,3.8
30-6-2024,4,3.6
30-6-2024,5,4.8
30-6-2024,6,6.7
30-6-2024,7,21.2
30-6-2024,8,42.7
30-6-2024,9,72.7
30-6-2024,10,93.0
30-6-2024,11,122.1
30-6-2024,12,144.7
30-6-2024,13,156.7
30-6-2024,14,155.6
30-6-2024,15,152.6
30-6-2024,16,154.7
30-6-2024,17,154.6
30-6-2024,18,132.7
30-6-2024,19,110.7
30-6-2024,20,98.1
30-6-2024,21,79.3
30-6-2024,22,62.2
30-6-2024,23,44.8
1-7-2024,0,13.8
1-7-2024,1,1.6
1-7-2024,2,0.8
1-7-2024,3,0.8
1-7-2024,4,2.3
1-7-2024,5,19.8
1-7-2024,6,96.7
1-7-2024,7,256.6
1-7-2024,8,308.5
1-7-2024,9,184.1
1-7-2024,10,160.5
1-7-2024,11,178.0
1-7-2024,12,206.7
1-7-2024,13,205.5
1-7-2024,14,223.9
1-7-2024,15,252.5
1-7-2024,16,303.2
1-7-2024,17,335.0
1-7-2024,18,196.3
1-7-2024,19,115.7
1-7-2024,20,95.2
1-7-2024,21,82.7
1-7-2024,22,71.4
1-7-2024,23,48.4
2-7-2024,0,16.5
2-7-2024,1,1.5
2-7-2024,2,0.6
2-7-2024,3,0.9
2-7-2024,4,2.3
2-7-2024,5,20.1
2-7-2024,6,107.3
2-7-2024,7,293.8
2-7-2024,8,358.6
2-7-2024,9,211.3
2-7-2024,10,173.4
2-7-2024,11,187.0
2-7-2024,12,221.4
2-7-2024,13,217.5
2-7-2024,14,238.5
2-7-2024,15,280.8
2-7-2024,16,369.0
2-7-2024,17,359.8
2-7-2024,18,172.5
2-7-2024,19,94.8
2-7-2024,20,115.4
2-7-2024,21,90.9
2-7-2024,22,82.1
2-7-2024,23,59.1
3-7-2024,0,18.4
3-7-2024,1,1.6
3-7-2024,2,0.7
3-7-2024,3,1.0
3-7-2024,4,2.5
3-7-2024,5,19.1
3-7-2024,6,91.6
3-7-2024,7,239.4
3-7-2024,8,311.0
3-7-2024,9,204.3
3-7-2024,10,176.1
3-7-2024,11,192.1
3-7-2024,12,230.7
3-7-2024,13,221.2
3-7-2024,14,226.9
3-7-2024,15,246.3
3-7-2024,16,291.6
3-7-2024,17,325.8
3-7-2024,18,211.4
3-7-2024,19,126.2
3-7-2024,20,102.4
3-7-2024,21,94.3
3-7-2024,22,84.0
3-7-2024,23,50.0
4-7-2024,0,16.1
4-7-2024,1,1.4
4-7-2024,2,0.8
4-7-2024,3,1.0
4-7-2024,4,2.2
4-7-2024,5,20.0
4-7-2024,6,101.0
4-7-2024,7,270.3
4-7-2024,8,337.8
4-7-2024,9,209.0
4-7-2024,10,175.2
4-7-2024,11,190.9
4-7-2024,12,226.8
4-7-2024,13,224.4
4-7-2024,14,240.5
4-7-2024,15,272.4
4-7-2024,16,325.7
4-7-2024,17,353.2
4-7-2024,18,231.8
4-7-2024,19,147.3
4-7-2024,20,119.8
4-7-2024,21,111.2
4-7-2024,22,100.8
4-7-2024,23,78.4
5-7-2024,0,25.1
5-7-2024,1,2.5
5-7-2024,2,1.2
5-7-2024,3,1.4
5-7-2024,4,2.7
5-7-2024,5,17.8
5-7-2024,6,74.0
5-7-2024,7,175.6
5-7-2024,8,230.2
5-7-2024,9,176.6
5-7-2024,10,164.5
5-7-2024,11,186.5
5-7-2024,12,218.4
5-7-2024,13,224.3
5-7-2024,14,238.4
5-7-2024,15,259.8
5-7-2024,16,276.8
5-7-2024,17,283.8
5-7-2024,18,200.5
5-7-2024,19,132.5
5-7-2024,20,110.7
5-7-2024,21,98.8
5-7-2024,22,93.1
5-7-2024,23,94.3
6-7-2024,0,45.5
6-7-2024,1,7.6
6-7-2024,2,2.7
6-7-2024,3,2.1
6-7-2024,4,3.1
6-7-2024,5,5.8
6-7-2024,6,15.7
6-7-2024,7,36.3
6-7-2024,8,67.2
6-7-2024,9,99.7
6-7-2024,10,126.5
6-7-2024,11,158.7
6-7-2024,12,180.9
6-7-2024,13,198.3
6-7-2024,14,203.8
6-7-2024,15,202.0
6-7-2024,16,200.7
6-7-2024,17,191.9
6-7-2024,18,153.2
6-7-2024,19,132.1
6-7-2024,20,110.3
6-7-2024,21,69.6
6-7-2024,22,67.2
6-7-2024,23,129.8
7-7-2024,0,61.1
7-7-2024,1,12.9
7-7-2024,2,4.3
7-7-2024,3,3.0
7-7-2024,4,3.3
7-7-2024,5,4.9
7-7-2024,6,6.3
7-7-2024,7,18.2
7-7-2024,8,37.7
7-7-2024,9,65.1
7-7-2024,10,89.9
7-7-2024,11,120.1
7-7-2024,12,143.8
7-7-2024,13,156.7
7-7-2024,14,157.4
7-7-2024,15,150.3
7-7-2024,16,148.1
7-7-2024,17,140.2
7-7-2024,18,118.1
7-7-2024,19,100.7
7-7-2024,20,93.3
7-7-2024,21,78.7
7-7-2024,22,63.4
7-7-2024,23,42.5
8-7-2024,0,14.5
8-7-2024,1,1.5
8-7-2024,2,0.9
8-7-2024,3,0.9
8-7-2024,4,2.3
8-7-2024,5,19.3
8-7-2024,6,92.5
8-7-2024,7,225.9
8-7-2024,8,272.3
8-7-2024,9,163.7
8-7-2024,10,144.4
8-7-2024,11,164.1
8-7-2024,12,192.1
8-7-2024,13,192.3
8-7-2024,14,207.2
8-7-2024,15,231.6
8-7-2024,16,278.7
8-7-2024,17,312.7
8-7-2024,18,191.3
8-7-2024,19,113.0
8-7-2024,20,89.4
8-7-2024,21,77.8
8-7-2024,22,67.0
8-7-2024,23,39.9
9-7-2024,0,13.0
9-7-2024,1,1.3
9-7-2024,2,0.8
9-7-2024,3,0.9
9-7-2024,4,2.2
9-7-2024,5,19.9
9-7-2024,6,99.6
9-7-2024,7,253.9
9-7-2024,8,309.5
9-7-2024,9,186.9
9-7-2024,10,156.4
9-7-2024,11,174.2
9-7-2024,12,202.9
9-7-2024,13,202.2
9-7-2024,14,222.3
9-7-2024,15,264.7
9-7-2024,16,326.9
9-7-2024,17,317.1
9-7-2024,18,191.2
9-7-2024,19,108.5
9-7-2024,20,78.9
9-7-2024,21,65.4
9-7-2024,22,53.8
9-7-2024,23,45.3
10-7-2024,0,13.7
10-7-2024,1,1.3
10-7-2024,2,0.8
10-7-2024,3,0.9
10-7-2024,4,2.2
10-7-2024,5,18.5
10-7-2024,6,85.0
10-7-2024,7,203.4
10-7-2024,8,256.2
10-7-2024,9,172.4
10-7-2024,10,152.6
10-7-2024,11,173.1
10-7-2024,12,201.2
10-7-2024,13,195.9
10-7-2024,14,205.7
10-7-2024,15,228.6
10-7-2024,16,275.7
10-7-2024,17,306.8
10-7-2024,18,210.8
10-7-2024,19,150.8
10-7-2024,20,112.4
10-7-2024,21,59.9
10-7-2024,22,51.0
10-7-2024,23,134.1
11-7-2024,0,34.8
11-7-2024,1,3.1
11-7-2024,2,1.1
11-7-2024,3,1.2
11-7-2024,4,2.5
11-7-2024,5,19.1
11-7-2024,6,89.9
11-7-2024,7,225.4
11-7-2024,8,292.3
11-7-2024,9,186.1
11-7-2024,10,155.7
11-7-2024,11,171.8
11-7-2024,12,198.6
11-7-2024,13,196.6
11-7-2024,14,211.5
11-7-2024,15,240.3
11-7-2024,16,289.2
11-7-2024,17,328.1
11-7-2024,18,220.4
11-7-2024,19,138.3
11-7-2024,20,113.6
11-7-2024,21,105.0
11-7-2024,22,93.6
11-7-2024,23,75.8
12-7-2024,0,25.1
12-7-2024,1,2.5
12-7-2024,2,1.1
12-7-2024,3,1.3
12-7-2024,4,2.7
12-7-2024,5,17.4
12-7-2024,6,69.7
12-7-2024,7,150.8
12-7-2024,8,196.0
12-7-2024,9,154.7
12-7-2024,10,146.9
12-7-2024,11,166.5
12-7-2024,12,194.9
12-7-2024,13,198.0
12-7-2024,14,210.6
12-7-2024,15,229.6
12-7-2024,16,248.3
12-7-2024,17,264.1
12-7-2024,18,206.4
12-7-2024,19,138.3
12-7-2024,20,107.7
12-7-2024,21,98.4
12-7-2024,22,98.3
12-7-2024,23,92.6
13-7-2024,0,49.3
13-7-2024,1,8.9
13-7-2024,2,3.0
13-7-2024,3,2.2
13-7-2024,4,3.0
13-7-2024,5,6.1
13-7-2024,6,16.1
13-7-2024,7,35.6
13-7-2024,8,63.1
13-7-2024,9,94.5
13-7-2024,10,120.4
13-7-2024,11,151.9
13-7-2024,12,172.3
13-7-2024,13,191.7
13-7-2024,14,201.0
13-7-2024,15,197.7
13-7-2024,16,188.9
13-7-2024,17,177.7
13-7-2024,18,148.8
13-7-2024,19,122.9
13-7-2024,20,102.0
13-7-2024,21,90.2
13-7-2024,22,95.1
13-7-2024,23,98.8
14-7-2024,0,60.4
14-7-2024,1,18.2
14-7-2024,2,6.0
14-7-2024,3,2.8
14-7-2024,4,3.3
14-7-2024,5,4.8
14-7-2024,6,6.2
14-7-2024,7,18.0
14-7-2024,8,36.1
14-7-2024,9,63.6
14-7-2024,10,88.6
14-7-2024,11,120.9
14-7-2024,12,141.1
14-7-2024,13,156.5
14-7-2024,14,162.7
14-7-2024,15,153.5
14-7-2024,16,149.3
14-7-2024,17,146.5
14-7-2024,18,130.0
14-7-2024,19,111.2
14-7-2024,20,99.2
14-7-2024,21,71.3
14-7-2024,22,60.5
14-7-2024,23,69.6
15-7-2024,0,29.7
15-7-2024,1,5.5
15-7-2024,2,1.5
15-7-2024,3,0.9
15-7-2024,4,2.2
15-7-2024,5,19.1
15-7-2024,6,84.4
15-7-2024,7,184.3
15-7-2024,8,216.3
15-7-2024,9,138.9
15-7-2024,10,124.7
15-7-2024,11,145.2
15-7-2024,12,168.9
15-7-2024,13,170.2
15-7-2024,14,180.0
15-7-2024,15,200.2
15-7-2024,16,245.7
15-7-2024,17,283.6
15-7-2024,18,179.5
15-7-2024,19,112.4
15-7-2024,20,89.6
15-7-2024,21,73.8
15-7-2024,22,62.2
15-7-2024,23,42.3
16-7-2024,0,18.3
16-7-2024,1,5.1
16-7-2024,2,1.6
16-7-2024,3,1.8
16-7-2024,4,3.3
16-7-2024,5,20.1
16-7-2024,6,93.2
16-7-2024,7,211.1
16-7-2024,8,252.7
16-7-2024,9,154.8
16-7-2024,10,128.7
16-7-2024,11,139.7
16-7-2024,12,163.3
16-7-2024,13,165.9
16-7-2024,14,177.4
16-7-2024,15,201.6
16-7-2024,16,259.6
16-7-2024,17,306.0
16-7-2024,18,187.4
16-7-2024,19,108.2
16-7-2024,20,84.4
16-7-2024,21,74.5
16-7-2024,22,64.0
16-7-2024,23,45.0
17-7-2024,0,20.1
17-7-2024,1,6.1
17-7-2024,2,1.8
17-7-2024,3,1.8
17-7-2024,4,3.5
17-7-2024,5,18.7
17-7-2024,6,78.5
17-7-2024,7,166.4
17-7-2024,8,200.9
17-7-2024,9,144.6
17-7-2024,10,129.4
17-7-2024,11,143.6
17-7-2024,12,165.1
17-7-2024,13,167.2
17-7-2024,14,173.9
17-7-2024,15,194.7
17-7-2024,16,232.4
17-7-2024,17,266.1
17-7-2024,18,186.0
17-7-2024,19,116.4
17-7-2024,20,89.8
17-7-2024,21,82.1
17-7-2024,22,74.3
17-7-2024,23,52.0
18-7-2024,0,23.8
18-7-2024,1,6.8
18-7-2024,2,1.8
18-7-2024,3,1.7
18-7-2024,4,3.4
18-7-2024,5,19.2
18-7-2024,6,83.8
18-7-2024,7,188.8
18-7-2024,8,229.1
18-7-2024,9,150.5
18-7-2024,10,127.0
18-7-2024,11,139.2
18-7-2024,12,160.9
18-7-2024,13,161.2
18-7-2024,14,174.4
18-7-2024,15,197.4
18-7-2024,16,244.8
18-7-2024,17,280.5
18-7-2024,18,188.7
18-7-2024,19,122.6
18-7-2024,20,98.1
18-7-2024,21,91.5
18-7-2024,22,80.9
18-7-2024,23,59.1
19-7-2024,0,26.3
19-7-2024,1,8.1
19-7-2024,2,2.3
19-7-2024,3,2.2
19-7-2024,4,3.6
19-7-2024,5,17.2
19-7-2024,6,62.6
19-7-2024,7,117.2
19-7-2024,8,148.4
19-7-2024,9,129.5
19-7-2024,10,127.4
19-7-2024,11,141.9
19-7-2024,12,159.5
19-7-2024,13,163.1
19-7-2024,14,173.0
19-7-2024,15,189.6
19-7-2024,16,206.9
19-7-2024,17,219.9
19-7-2024,18,178.1
19-7-2024,19,129.5
19-7-2024,20,105.1
19-7-2024,21,94.4
19-7-2024,22,94.5
19-7-2024,23,84.8
20-7-2024,0,45.0
20-7-2024,1,14.0
20-7-2024,2,4.8
20-7-2024,3,2.3
20-7-2024,4,2.9
20-7-2024,5,5.7
20-7-2024,6,15.8
20-7-2024,7,36.4
20-7-2024,8,65.5
20-7-2024,9,96.7
20-7-2024,10,121.6
20-7-2024,11,144.7
20-7-2024,12,157.7
20-7-2024,13,165.4
20-7-2024,14,164.9
20-7-2024,15,158.3
20-7-2024,16,152.9
20-7-2024,17,147.9
20-7-2024,18,129.8
20-7-2024,19,110.1
20-7-2024,20,100.5
20-7-2024,21,94.4
20-7-2024,22,94.4
20-7-2024,23,81.5
21-7-2024,0,37.4
21-7-2024,1,7.9
21-7-2024,2,3.0
21-7-2024,3,2.4
21-7-2024,4,2.8
21-7-2024,5,5.2
21-7-2024,6,8.3
21-7-2024,7,21.3
21-7-2024,8,43.2
21-7-2024,9,64.1
21-7-2024,10,84.4
21-7-2024,11,109.0
21-7-2024,12,125.6
21-7-2024,13,138.6
21-7-2024,14,140.0
21-7-2024,15,137.3
21-7-2024,16,135.5
21-7-2024,17,132.1
21-7-2024,18,112.2
21-7-2024,19,93.6
21-7-2024,20,84.1
21-7-2024,21,72.7
21-7-2024,22,61.5
21-7-2024,23,41.3
22-7-2024,0,14.0
22-7-2024,1,1.4
22-7-2024,2,0.7
22-7-2024,3,0.8
22-7-2024,4,2.2
22-7-2024,5,17.3
22-7-2024,6,75.8
22-7-2024,7,157.2
22-7-2024,8,177.6
22-7-2024,9,115.1
22-7-2024,10,105.1
22-7-2024,11,121.0
22-7-2024,12,138.8
22-7-2024,13,142.9
22-7-2024,14,149.4
22-7-2024,15,170.9
22-7-2024,16,213.5
22-7-2024,17,244.9
22-7-2024,18,153.8
22-7-2024,19,94.2
22-7-2024,20,73.3
22-7-2024,21,61.7
22-7-2024,22,51.7
22-7-2024,23,35.8
23-7-2024,0,12.1
23-7-2024,1,1.2
23-7-2024,2,0.6
23-7-2024,3,0.7
23-7-2024,4,2.1
23-7-2024,5,17.8
23-7-2024,6,83.1
23-7-2024,7,182.2
23-7-2024,8,214.1
23-7-2024,9,134.0
23-7-2024,10,111.7
23-7-2024,11,122.4
23-7-2024,12,141.1
23-7-2024,13,144.1
23-7-2024,14,153.2
23-7-2024,15,178.4
23-7-2024,16,232.2
23-7-2024,17,269.5
23-7-2024,18,165.5
23-7-2024,19,96.5
23-7-2024,20,74.8
23-7-2024,21,66.7
23-7-2024,22,56.0
23-7-2024,23,36.8
24-7-2024,0,12.3
24-7-2024,1,1.2
24-7-2024,2,0.6
24-7-2024,3,0.9
24-7-2024,4,2.2
24-7-2024,5,16.7
24-7-2024,6,71.2
24-7-2024,7,145.5
24-7-2024,8,173.9
24-7-2024,9,132.1
24-7-2024,10,119.8
24-7-2024,11,131.0
24-7-2024,12,149.4
24-7-2024,13,153.2
24-7-2024,14,160.7
24-7-2024,15,179.4
24-7-2024,16,215.1
24-7-2024,17,243.3
24-7-2024,18,166.7
24-7-2024,19,105.0
24-7-2024,20,83.2
24-7-2024,21,76.3
24-7-2024,22,67.9
24-7-2024,23,43.5
25-7-2024,0,15.5
25-7-2024,1,1.5
25-7-2024,2,0.6
25-7-2024,3,0.9
25-7-2024,4,2.3
25-7-2024,5,17.1
25-7-2024,6,77.3
25-7-2024,7,169.8
25-7-2024,8,204.7
25-7-2024,9,136.9
25-7-2024,10,118.6
25-7-2024,11,128.0
25-7-2024,12,146.2
25-7-2024,13,150.1
25-7-2024,14,161.9
25-7-2024,15,186.0
25-7-2024,16,234.6
25-7-2024,17,276.7
25-7-2024,18,184.5
25-7-2024,19,114.3
25-7-2024,20,89.2
25-7-2024,21,81.4
25-7-2024,22,81.0
25-7-2024,23,54.2
26-7-2024,0,18.6
26-7-2024,1,1.9
26-7-2024,2,0.9
26-7-2024,3,1.1
26-7-2024,4,2.5
26-7-2024,5,15.4
26-7-2024,6,59.5
26-7-2024,7,110.0
26-7-2024,8,137.0
26-7-2024,9,115.5
26-7-2024,10,114.8
26-7-2024,11,128.9
26-7-2024,12,148.2
26-7-2024,13,158.3
26-7-2024,14,166.4
26-7-2024,15,182.9
26-7-2024,16,201.2
26-7-2024,17,214.5
26-7-2024,18,172.6
26-7-2024,19,118.6
26-7-2024,20,95.3
26-7-2024,21,85.7
26-7-2024,22,81.5
26-7-2024,23,70.8
27-7-2024,0,34.1
27-7-2024,1,6.8
27-7-2024,2,2.4
27-7-2024,3,2.1
27-7-2024,4,2.8
27-7-2024,5,5.7
27-7-2024,6,15.5
27-7-2024,7,34.0
27-7-2024,8,60.0
27-7-2024,9,92.2
27-7-2024,10,121.0
27-7-2024,11,150.5
27-7-2024,12,169.7
27-7-2024,13,184.6
27-7-2024,14,186.5
27-7-2024,15,179.9
27-7-2024,16,172.0
27-7-2024,17,162.0
27-7-2024,18,139.4
27-7-2024,19,115.7
27-7-2024,20,104.6
27-7-2024,21,95.3
27-7-2024,22,93.4
27-7-2024,23,89.0
28-7-2024,0,41.8
28-7-2024,1,8.7
28-7-2024,2,3.3
28-7-2024,3,2.6
28-7-2024,4,3.0
28-7-2024,5,5.0
28-7-2024,6,6.8
28-7-2024,7,18.0
28-7-2024,8,34.7
28-7-2024,9,60.2
28-7-2024,10,81.7
28-7-2024,11,106.8
28-7-2024,12,123.4
28-7-2024,13,135.0
28-7-2024,14,137.7
28-7-2024,15,130.6
28-7-2024,16,126.5
28-7-2024,17,125.0
28-7-2024,18,111.7
28-7-2024,19,96.8
28-7-2024,20,87.2
28-7-2024,21,76.5
28-7-2024,22,66.2
28-7-2024,23,44.7
29-7-2024,0,14.4
29-7-2024,1,1.3
29-7-2024,2,0.7
29-7-2024,3,0.7
29-7-2024,4,2.0
29-7-2024,5,16.8
29-7-2024,6,70.8
29-7-2024,7,146.2
29-7-2024,8,164.9
29-7-2024,9,110.6
29-7-2024,10,100.8
29-7-2024,11,113.4
29-7-2024,12,129.4
29-7-2024,13,133.0
29-7-2024,14,139.3
29-7-2024,15,157.1
29-7-2024,16,196.8
29-7-2024,17,222.6
29-7-2024,18,142.9
29-7-2024,19,89.9
29-7-2024,20,72.9
29-7-2024,21,65.8
29-7-2024,22,55.4
29-7-2024,23,36.1
30-7-2024,0,12.2
30-7-2024,1,1.3
30-7-2024,2,0.6
30-7-2024,3,0.7
30-7-2024,4,2.0
30-7-2024,5,16.8
30-7-2024,6,75.8
30-7-2024,7,163.4
30-7-2024,8,189.7
30-7-2024,9,128.5
30-7-2024,10,111.9
30-7-2024,11,121.2
30-7-2024,12,135.9
30-7-2024,13,137.1
30-7-2024,14,144.7
30-7-2024,15,167.3
30-7-2024,16,214.5
30-7-2024,17,242.8
30-7-2024,18,156.0
30-7-2024,19,96.5
30-7-2024,20,79.9
30-7-2024,21,73.6
30-7-2024,22,64.9
30-7-2024,23,41.1
31-7-2024,0,13.7
31-7-2024,1,1.2
31-7-2024,2,0.6
31-7-2024,3,0.7
31-7-2024,4,2.2
31-7-2024,5,15.8
31-7-2024,6,65.8
31-7-2024,7,133.4
31-7-2024,8,159.7
31-7-2024,9,118.2
31-7-2024,10,107.6
31-7-2024,11,119.4
31-7-2024,12,133.6
31-7-2024,13,138.4
31-7-2024,14,145.2
31-7-2024,15,162.6
31-7-2024,16,195.2
31-7-2024,17,219.3
31-7-2024,18,151.9
31-7-2024,19,94.8
31-7-2024,20,76.9
31-7-2024,21,75.9
31-7-2024,22,65.7
31-7-2024,23,41.0
1-8-2024,0,14.1
1-8-2024,1,1.5
1-8-2024,2,0.6
1-8-2024,3,0.9
1-8-2024,4,2.3
1-8-2024,5,16.3
1-8-2024,6,73.0
1-8-2024,7,158.0
1-8-2024,8,188.0
1-8-2024,9,125.3
1-8-2024,10,106.8
1-8-2024,11,118.2
1-8-2024,12,134.2
1-8-2024,13,138.0
1-8-2024,14,148.3
1-8-2024,15,169.4
1-8-2024,16,211.6
1-8-2024,17,245.1
1-8-2024,18,160.2
1-8-2024,19,99.3
1-8-2024,20,80.6
1-8-2024,21,76.4
1-8-2024,22,67.1
1-8-2024,23,46.0
2-8-2024,0,16.4
2-8-2024,1,2.2
2-8-2024,2,1.2
2-8-2024,3,1.3
2-8-2024,4,2.4
2-8-2024,5,14.8
2-8-2024,6,54.7
2-8-2024,7,102.2
2-8-2024,8,124.5
2-8-2024,9,111.8
2-8-2024,10,109.9
2-8-2024,11,124.1
2-8-2024,12,141.2
2-8-2024,13,148.2
2-8-2024,14,153.9
2-8-2024,15,170.0
2-8-2024,16,184.9
2-8-2024,17,197.4
2-8-2024,18,160.3
2-8-2024,19,112.2
2-8-2024,20,93.2
2-8-2024,21,85.2
2-8-2024,22,80.7
2-8-2024,23,67.1
3-8-2024,0,33.6
3-8-2024,1,6.6
3-8-2024,2,2.7
3-8-2024,3,2.0
3-8-2024,4,2.8
3-8-2024,5,5.4
3-8-2024,6,14.6
3-8-2024,7,33.1
3-8-2024,8,59.9
3-8-2024,9,93.5
3-8-2024,10,124.7
3-8-2024,11,156.1
3-8-2024,12,168.2
3-8-2024,13,173.8
3-8-2024,14,170.9
3-8-2024,15,164.5
3-8-2024,16,161.1
3-8-2024,17,155.1
3-8-2024,18,131.9
3-8-2024,19,109.9
3-8-2024,20,97.7
3-8-2024,21,91.0
3-8-2024,22,90.7
3-8-2024,23,78.1
4-8-2024,0,38.9
4-8-2024,1,8.5
4-8-2024,2,4.3
4-8-2024,3,3.3
4-8-2024,4,3.7
4-8-2024,5,5.4
4-8-2024,6,6.9
4-8-2024,7,18.4
4-8-2024,8,34.2
4-8-2024,9,58.7
4-8-2024,10,76.9
4-8-2024,11,99.7
4-8-2024,12,115.3
4-8-2024,13,128.6
4-8-2024,14,131.6
4-8-2024,15,128.7
4-8-2024,16,127.8
4-8-2024,17,121.6
4-8-2024,18,103.5
4-8-2024,19,87.1
4-8-2024,20,83.1
4-8-2024,21,71.5
4-8-2024,22,61.7
4-8-2024,23,42.8
5-8-2024,0,14.0
5-8-2024,1,1.5
5-8-2024,2,0.7
5-8-2024,3,0.9
5-8-2024,4,2.1
5-8-2024,5,16.5
5-8-2024,6,69.0
5-8-2024,7,145.5
5-8-2024,8,160.3
5-8-2024,9,104.5
5-8-2024,10,96.1
5-8-2024,11,109.3
5-8-2024,12,124.2
5-8-2024,13,128.1
5-8-2024,14,135.0
5-8-2024,15,154.2
5-8-2024,16,194.5
5-8-2024,17,221.1
5-8-2024,18,138.0
5-8-2024,19,85.0
5-8-2024,20,68.7
5-8-2024,21,61.4
5-8-2024,22,52.5
5-8-2024,23,32.7
6-8-2024,0,11.2
6-8-2024,1,1.2
6-8-2024,2,0.7
6-8-2024,3,0.8
6-8-2024,4,1.9
6-8-2024,5,16.4
6-8-2024,6,74.1
6-8-2024,7,164.1
6-8-2024,8,186.8
6-8-2024,9,123.4
6-8-2024,10,108.3
6-8-2024,11,117.6
6-8-2024,12,132.7
6-8-2024,13,135.8
6-8-2024,14,142.0
6-8-2024,15,164.3
6-8-2024,16,212.7
6-8-2024,17,242.1
6-8-2024,18,151.6
6-8-2024,19,91.7
6-8-2024,20,74.8
6-8-2024,21,70.5
6-8-2024,22,61.1
6-8-2024,23,37.8
7-8-2024,0,13.1
7-8-2024,1,1.4
7-8-2024,2,0.6
7-8-2024,3,0.8
7-8-2024,4,2.0
7-8-2024,5,15.5
7-8-2024,6,65.0
7-8-2024,7,133.0
7-8-2024,8,157.9
7-8-2024,9,117.7
7-8-2024,10,107.1
7-8-2024,11,118.9
7-8-2024,12,132.4
7-8-2024,13,138.2
7-8-2024,14,144.8
7-8-2024,15,162.5
7-8-2024,16,195.5
7-8-2024,17,221.7
7-8-2024,18,150.3
7-8-2024,19,94.2
7-8-2024,20,77.6
7-8-2024,21,70.4
7-8-2024,22,61.5
7-8-2024,23,38.6
8-8-2024,0,13.4
8-8-2024,1,1.3
8-8-2024,2,0.6
8-8-2024,3,0.8
8-8-2024,4,2.1
8-8-2024,5,16.2
8-8-2024,6,70.6
8-8-2024,7,156.0
8-8-2024,8,184.0
8-8-2024,9,126.1
8-8-2024,10,109.7
8-8-2024,11,119.2
8-8-2024,12,135.2
8-8-2024,13,138.6
8-8-2024,14,146.1
8-8-2024,15,168.5
8-8-2024,16,213.0
8-8-2024,17,243.7
8-8-2024,18,160.3
8-8-2024,19,100.3
8-8-2024,20,83.0
8-8-2024,21,79.3
8-8-2024,22,66.8
8-8-2024,23,42.5
9-8-2024,0,15.9
9-8-2024,1,2.2
9-8-2024,2,1.1
9-8-2024,3,1.2
9-8-2024,4,2.5
9-8-2024,5,14.6
9-8-2024,6,55.1
9-8-2024,7,102.3
9-8-2024,8,126.2
9-8-2024,9,107.3
9-8-2024,10,103.6
9-8-2024,11,118.0
9-8-2024,12,134.4
9-8-2024,13,145.0
9-8-2024,14,150.8
9-8-2024,15,166.7
9-8-2024,16,186.0
9-8-2024,17,197.4
9-8-2024,18,156.9
9-8-2024,19,107.6
9-8-2024,20,87.6
9-8-2024,21,79.5
9-8-2024,22,78.2
9-8-2024,23,61.2
10-8-2024,0,29.7
10-8-2024,1,5.6
10-8-2024,2,2.3
10-8-2024,3,1.9
10-8-2024,4,2.6
10-8-2024,5,5.5
10-8-2024,6,14.8
10-8-2024,7,32.7
10-8-2024,8,58.2
10-8-2024,9,88.5
10-8-2024,10,111.9
10-8-2024,11,136.5
10-8-2024,12,154.5
10-8-2024,13,165.0
10-8-2024,14,168.3
10-8-2024,15,162.8
10-8-2024,16,154.8
10-8-2024,17,149.1
10-8-2024,18,131.2
10-8-2024,19,107.8
10-8-2024,20,92.9
10-8-2024,21,84.2
10-8-2024,22,81.2
10-8-2024,23,75.6
11-8-2024,0,35.7
11-8-2024,1,7.3
11-8-2024,2,3.1
11-8-2024,3,2.2
11-8-2024,4,2.8
11-8-2024,5,4.6
11-8-2024,6,6.1
11-8-2024,7,17.5
11-8-2024,8,34.4
11-8-2024,9,59.2
11-8-2024,10,81.4
11-8-2024,11,106.8
11-8-2024,12,120.7
11-8-2024,13,131.4
11-8-2024,14,135.3
11-8-2024,15,130.9
11-8-2024,16,121.5
11-8-2024,17,119.6
11-8-2024,18,110.2
11-8-2024,19,104.6
11-8-2024,20,88.7
11-8-2024,21,77.0
11-8-2024,22,65.1
11-8-2024,23,43.1
12-8-2024,0,15.0
12-8-2024,1,1.4
12-8-2024,2,0.6
12-8-2024,3,0.7
12-8-2024,4,2.0
12-8-2024,5,16.1
12-8-2024,6,69.5
12-8-2024,7,146.0
12-8-2024,8,161.7
12-8-2024,9,109.4
12-8-2024,10,100.7
12-8-2024,11,111.9
12-8-2024,12,126.3
12-8-2024,13,125.2
12-8-2024,14,128.5
12-8-2024,15,143.5
12-8-2024,16,187.0
12-8-2024,17,214.7
12-8-2024,18,136.3
12-8-2024,19,87.9
12-8-2024,20,74.0
12-8-2024,21,69.7
12-8-2024,22,60.4
12-8-2024,23,39.1
13-8-2024,0,13.9
13-8-2024,1,1.4
13-8-2024,2,0.6
13-8-2024,3,0.8
13-8-2024,4,1.9
13-8-2024,5,16.6
13-8-2024,6,75.9
13-8-2024,7,170.7
13-8-2024,8,195.0
13-8-2024,9,122.4
13-8-2024,10,103.9
13-8-2024,11,112.5
13-8-2024,12,130.5
13-8-2024,13,131.9
13-8-2024,14,140.5
13-8-2024,15,161.9
13-8-2024,16,213.9
13-8-2024,17,251.9
13-8-2024,18,153.0
13-8-2024,19,90.0
13-8-2024,20,73.3
13-8-2024,21,70.6
13-8-2024,22,58.3
13-8-2024,23,35.2
14-8-2024,0,12.5
14-8-2024,1,1.3
14-8-2024,2,0.7
14-8-2024,3,0.9
14-8-2024,4,2.1
14-8-2024,5,15.4
14-8-2024,6,67.2
14-8-2024,7,142.5
14-8-2024,8,170.2
14-8-2024,9,122.7
14-8-2024,10,109.6
14-8-2024,11,122.0
14-8-2024,12,137.1
14-8-2024,13,141.2
14-8-2024,14,149.0
14-8-2024,15,168.6
14-8-2024,16,202.5
14-8-2024,17,232.7
14-8-2024,18,154.5
14-8-2024,19,92.9
14-8-2024,20,73.5
14-8-2024,21,67.6
14-8-2024,22,59.0
14-8-2024,23,38.5
15-8-2024,0,14.0
15-8-2024,1,1.6
15-8-2024,2,0.7
15-8-2024,3,0.9
15-8-2024,4,2.2
15-8-2024,5,16.8
15-8-2024,6,74.3
15-8-2024,7,163.0
15-8-2024,8,194.0
15-8-2024,9,132.3
15-8-2024,10,115.9
15-8-2024,11,126.3
15-8-2024,12,146.2
15-8-2024,13,150.0
15-8-2024,14,157.0
15-8-2024,15,178.6
15-8-2024,16,226.8
15-8-2024,17,260.8
15-8-2024,18,173.1
15-8-2024,19,107.9
15-8-2024,20,86.6
15-8-2024,21,81.6
15-8-2024,22,69.9
15-8-2024,23,61.4
16-8-2024,0,21.3
16-8-2024,1,2.5
16-8-2024,2,1.3
16-8-2024,3,1.4
16-8-2024,4,2.5
16-8-2024,5,15.3
16-8-2024,6,57.4
16-8-2024,7,110.6
16-8-2024,8,140.4
16-8-2024,9,119.2
16-8-2024,10,113.6
16-8-2024,11,128.4
16-8-2024,12,147.3
16-8-2024,13,157.8
16-8-2024,14,163.4
16-8-2024,15,178.9
16-8-2024,16,201.2
16-8-2024,17,214.7
16-8-2024,18,169.0
16-8-2024,19,116.7
16-8-2024,20,93.8
16-8-2024,21,84.2
16-8-2024,22,78.0
16-8-2024,23,67.5
17-8-2024,0,30.7
17-8-2024,1,5.9
17-8-2024,2,2.5
17-8-2024,3,2.0
17-8-2024,4,2.8
17-8-2024,5,5.4
17-8-2024,6,15.2
17-8-2024,7,33.9
17-8-2024,8,60.8
17-8-2024,9,91.3
17-8-2024,10,116.0
17-8-2024,11,140.6
17-8-2024,12,157.2
17-8-2024,13,167.9
17-8-2024,14,169.7
17-8-2024,15,164.2
17-8-2024,16,161.2
17-8-2024,17,152.7
17-8-2024,18,129.9
17-8-2024,19,107.3
17-8-2024,20,96.9
17-8-2024,21,91.1
17-8-2024,22,86.8
17-8-2024,23,75.6
18-8-2024,0,34.9
18-8-2024,1,7.5
18-8-2024,2,3.0
18-8-2024,3,2.3
18-8-2024,4,2.9
18-8-2024,5,4.4
18-8-2024,6,6.0
18-8-2024,7,17.7
18-8-2024,8,34.3
18-8-2024,9,59.0
18-8-2024,10,80.1
18-8-2024,11,102.3
18-8-2024,12,119.5
18-8-2024,13,131.0
18-8-2024,14,132.5
18-8-2024,15,128.6
18-8-2024,16,126.1
18-8-2024,17,120.7
18-8-2024,18,104.2
18-8-2024,19,90.3
18-8-2024,20,82.5
18-8-2024,21,71.4
18-8-2024,22,58.0
18-8-2024,23,41.0
19-8-2024,0,13.4
19-8-2024,1,1.4
19-8-2024,2,0.7
19-8-2024,3,0.8
19-8-2024,4,2.1
19-8-2024,5,16.9
19-8-2024,6,76.4
19-8-2024,7,168.1
19-8-2024,8,188.3
19-8-2024,9,122.8
19-8-2024,10,110.7
19-8-2024,11,125.2
19-8-2024,12,146.1
19-8-2024,13,148.9
19-8-2024,14,156.6
19-8-2024,15,178.3
19-8-2024,16,224.0
19-8-2024,17,252.5
19-8-2024,18,155.4
19-8-2024,19,96.4
19-8-2024,20,78.0
19-8-2024,21,67.5
19-8-2024,22,55.8
19-8-2024,23,39.4
20-8-2024,0,12.1
20-8-2024,1,1.3
20-8-2024,2,0.7
20-8-2024,3,0.8
20-8-2024,4,1.9
20-8-2024,5,17.4
20-8-2024,6,85.2
20-8-2024,7,201.3
20-8-2024,8,231.2
20-8-2024,9,147.2
20-8-2024,10,125.9
20-8-2024,11,138.7
20-8-2024,12,160.5
20-8-2024,13,162.7
20-8-2024,14,179.5
20-8-2024,15,212.9
20-8-2024,16,268.2
20-8-2024,17,304.4
20-8-2024,18,180.5
20-8-2024,19,103.1
20-8-2024,20,78.9
20-8-2024,21,71.2
20-8-2024,22,61.7
20-8-2024,23,39.3
21-8-2024,0,13.0
21-8-2024,1,1.3
21-8-2024,2,0.7
21-8-2024,3,0.9
21-8-2024,4,2.2
21-8-2024,5,16.5
21-8-2024,6,73.9
21-8-2024,7,167.7
21-8-2024,8,200.3
21-8-2024,9,144.3
21-8-2024,10,130.9
21-8-2024,11,145.8
21-8-2024,12,168.1
21-8-2024,13,168.6
21-8-2024,14,178.3
21-8-2024,15,200.0
21-8-2024,16,238.8
21-8-2024,17,262.1
21-8-2024,18,172.3
21-8-2024,19,108.3
21-8-2024,20,91.1
21-8-2024,21,83.7
21-8-2024,22,68.6
21-8-2024,23,44.4
22-8-2024,0,15.5
22-8-2024,1,1.7
22-8-2024,2,0.8
22-8-2024,3,0.9
22-8-2024,4,2.4
22-8-2024,5,17.1
22-8-2024,6,81.5
22-8-2024,7,199.7
22-8-2024,8,237.0
22-8-2024,9,155.7
22-8-2024,10,133.2
22-8-2024,11,147.6
22-8-2024,12,170.2
22-8-2024,13,172.5
22-8-2024,14,186.1
22-8-2024,15,215.4
22-8-2024,16,267.5
22-8-2024,17,296.9
22-8-2024,18,192.4
22-8-2024,19,118.6
22-8-2024,20,96.9
22-8-2024,21,90.6
22-8-2024,22,77.6
22-8-2024,23,52.8
23-8-2024,0,20.2
23-8-2024,1,2.6
23-8-2024,2,1.5
23-8-2024,3,1.5
23-8-2024,4,2.8
23-8-2024,5,16.5
23-8-2024,6,62.5
23-8-2024,7,133.2
23-8-2024,8,167.6
23-8-2024,9,143.6
23-8-2024,10,139.0
23-8-2024,11,155.2
23-8-2024,12,176.5
23-8-2024,13,183.1
23-8-2024,14,193.4
23-8-2024,15,213.5
23-8-2024,16,231.8
23-8-2024,17,242.9
23-8-2024,18,196.5
23-8-2024,19,139.5
23-8-2024,20,112.8
23-8-2024,21,103.6
23-8-2024,22,98.5
23-8-2024,23,80.7
24-8-2024,0,40.0
24-8-2024,1,7.8
24-8-2024,2,2.6
24-8-2024,3,2.3
24-8-2024,4,3.0
24-8-2024,5,6.0
24-8-2024,6,16.3
24-8-2024,7,39.2
24-8-2024,8,72.0
24-8-2024,9,105.2
24-8-2024,10,126.2
24-8-2024,11,150.6
24-8-2024,12,170.0
24-8-2024,13,182.4
24-8-2024,14,183.2
24-8-2024,15,179.9
24-8-2024,16,182.7
24-8-2024,17,183.5
24-8-2024,18,154.0
24-8-2024,19,117.4
24-8-2024,20,99.2
24-8-2024,21,89.7
24-8-2024,22,87.7
24-8-2024,23,86.7
25-8-2024,0,41.4
25-8-2024,1,8.4
25-8-2024,2,3.2
25-8-2024,3,2.5
25-8-2024,4,3.0
25-8-2024,5,4.5
25-8-2024,6,6.9
25-8-2024,7,21.3
25-8-2024,8,45.3
25-8-2024,9,76.9
25-8-2024,10,102.1
25-8-2024,11,125.3
25-8-2024,12,140.8
25-8-2024,13,152.4
25-8-2024,14,150.9
25-8-2024,15,143.3
25-8-2024,16,146.1
25-8-2024,17,151.5
25-8-2024,18,131.7
25-8-2024,19,113.2
25-8-2024,20,99.6
25-8-2024,21,84.1
25-8-2024,22,64.5
25-8-2024,23,41.7
26-8-2024,0,14.2
26-8-2024,1,1.4
26-8-2024,2,0.7
26-8-2024,3,0.8
26-8-2024,4,2.2
26-8-2024,5,18.0
26-8-2024,6,85.2
26-8-2024,7,215.3
26-8-2024,8,251.9
26-8-2024,9,158.7
26-8-2024,10,130.4
26-8-2024,11,150.2
26-8-2024,12,177.7
26-8-2024,13,179.0
26-8-2024,14,195.4
26-8-2024,15,225.8
26-8-2024,16,270.3
26-8-2024,17,296.2
26-8-2024,18,177.8
26-8-2024,19,105.3
26-8-2024,20,84.6
26-8-2024,21,75.3
26-8-2024,22,61.2
26-8-2024,23,38.5
27-8-2024,0,14.6
27-8-2024,1,1.4
27-8-2024,2,0.7
27-8-2024,3,0.9
27-8-2024,4,2.1
27-8-2024,5,18.7
27-8-2024,6,93.7
27-8-2024,7,253.4
27-8-2024,8,311.3
27-8-2024,9,190.8
27-8-2024,10,149.7
27-8-2024,11,166.1
27-8-2024,12,200.0
27-8-2024,13,197.9
27-8-2024,14,222.2
27-8-2024,15,252.0
27-8-2024,16,302.9
27-8-2024,17,328.5
27-8-2024,18,196.9
27-8-2024,19,117.8
27-8-2024,20,94.4
27-8-2024,21,87.0
27-8-2024,22,69.9
27-8-2024,23,43.9
28-8-2024,0,15.7
28-8-2024,1,1.6
28-8-2024,2,0.9
28-8-2024,3,0.8
28-8-2024,4,2.0
28-8-2024,5,15.5
28-8-2024,6,71.5
28-8-2024,7,191.5
28-8-2024,8,256.6
28-8-2024,9,178.3
28-8-2024,10,147.0
28-8-2024,11,170.8
28-8-2024,12,208.4
28-8-2024,13,202.9
28-8-2024,14,218.3
28-8-2024,15,237.3
28-8-2024,16,269.2
28-8-2024,17,281.2
28-8-2024,18,187.7
28-8-2024,19,121.3
28-8-2024,20,99.8
28-8-2024,21,97.5
28-8-2024,22,81.9
28-8-2024,23,51.8
29-8-2024,0,17.9
29-8-2024,1,1.9
29-8-2024,2,0.8
29-8-2024,3,1.0
29-8-2024,4,2.3
29-8-2024,5,18.4
29-8-2024,6,89.4
29-8-2024,7,250.1
29-8-2024,8,317.2
29-8-2024,9,193.2
29-8-2024,10,152.9
29-8-2024,11,171.7
29-8-2024,12,211.6
29-8-2024,13,207.5
29-8-2024,14,229.2
29-8-2024,15,264.1
29-8-2024,16,306.1
29-8-2024,17,323.8
29-8-2024,18,215.3
29-8-2024,19,133.9
29-8-2024,20,109.3
29-8-2024,21,105.3
29-8-2024,22,99.6
29-8-2024,23,63.3
30-8-2024,0,23.2
30-8-2024,1,2.9
30-8-2024,2,1.6
30-8-2024,3,1.8
30-8-2024,4,2.7
30-8-2024,5,16.5
30-8-2024,6,66.1
30-8-2024,7,169.9
30-8-2024,8,220.5
30-8-2024,9,165.4
30-8-2024,10,147.3
30-8-2024,11,166.9
30-8-2024,12,205.6
30-8-2024,13,215.3
30-8-2024,14,231.4
30-8-2024,15,255.4
30-8-2024,16,263.6
30-8-2024,17,260.7
30-8-2024,18,205.8
30-8-2024,19,145.7
30-8-2024,20,118.1
30-8-2024,21,106.5
30-8-2024,22,99.8
30-8-2024,23,82.0
31-8-2024,0,40.9
31-8-2024,1,8.3
31-8-2024,2,3.4
31-8-2024,3,2.6
31-8-2024,4,3.3
31-8-2024,5,5.8
31-8-2024,6,15.6
31-8-2024,7,36.8
31-8-2024,8,66.1
31-8-2024,9,99.9
31-8-2024,10,127.1
31-8-2024,11,156.0
31-8-2024,12,178.1
31-8-2024,13,194.4
31-8-2024,14,196.3
31-8-2024,15,193.5
31-8-2024,16,188.3
31-8-2024,17,176.6
31-8-2024,18,150.2
31-8-2024,19,126.6
31-8-2024,20,111.0
31-8-2024,21,103.9
31-8-2024,22,101.7
31-8-2024,23,90.7
1-9-2024,0,47.4
1-9-2024,1,10.4
1-9-2024,2,3.8
1-9-2024,3,2.6
1-9-2024,4,2.9
1-9-2024,5,4.6
1-9-2024,6,6.5
1-9-2024,7,18.6
1-9-2024,8,38.6
1-9-2024,9,68.6
1-9-2024,10,93.6
1-9-2024,11,121.0
1-9-2024,12,142.3
1-9-2024,13,156.6
1-9-2024,14,158.3
1-9-2024,15,152.8
1-9-2024,16,148.1
1-9-2024,17,146.7
1-9-2024,18,131.1
1-9-2024,19,116.6
1-9-2024,20,106.4
1-9-2024,21,92.2
1-9-2024,22,68.3
1-9-2024,23,41.3
2-9-2024,0,15.0
2-9-2024,1,1.6
2-9-2024,2,0.6
2-9-2024,3,0.7
2-9-2024,4,2.0
2-9-2024,5,18.9
2-9-2024,6,103.7
2-9-2024,7,343.7
2-9-2024,8,419.3
2-9-2024,9,234.9
2-9-2024,10,178.4
2-9-2024,11,188.8
2-9-2024,12,232.6
2-9-2024,13,225.1
2-9-2024,14,265.5
2-9-2024,15,324.7
2-9-2024,16,371.5
2-9-2024,17,371.0
2-9-2024,18,204.6
2-9-2024,19,114.7
2-9-2024,20,84.2
2-9-2024,21,74.0
2-9-2024,22,58.3
2-9-2024,23,33.1
3-9-2024,0,10.5
3-9-2024,1,1.2
3-9-2024,2,0.5
3-9-2024,3,0.7
3-9-2024,4,2.1
3-9-2024,5,19.2
3-9-2024,6,112.3
3-9-2024,7,388.7
3-9-2024,8,475.1
3-9-2024,9,263.3
3-9-2024,10,191.2
3-9-2024,11,201.4
3-9-2024,12,262.2
3-9-2024,13,250.5
3-9-2024,14,290.0
3-9-2024,15,343.5
3-9-2024,16,395.8
3-9-2024,17,405.7
3-9-2024,18,224.6
3-9-2024,19,124.5
3-9-2024,20,93.7
3-9-2024,21,81.4
3-9-2024,22,66.7
3-9-2024,23,40.6
4-9-2024,0,12.2
4-9-2024,1,1.3
4-9-2024,2,0.6
4-9-2024,3,0.7
4-9-2024,4,1.9
4-9-2024,5,18.0
4-9-2024,6,97.1
4-9-2024,7,336.3
4-9-2024,8,425.4
4-9-2024,9,250.2
4-9-2024,10,191.2
4-9-2024,11,204.5
4-9-2024,12,266.6
4-9-2024,13,251.5
4-9-2024,14,283.3
4-9-2024,15,328.2
4-9-2024,16,355.7
4-9-2024,17,353.1
4-9-2024,18,206.3
4-9-2024,19,118.1
4-9-2024,20,90.3
4-9-2024,21,84.9
4-9-2024,22,68.5
4-9-2024,23,42.9
5-9-2024,0,13.6
5-9-2024,1,1.4
5-9-2024,2,0.7
5-9-2024,3,0.8
5-9-2024,4,2.1
5-9-2024,5,19.0
5-9-2024,6,107.3
5-9-2024,7,371.7
5-9-2024,8,468.0
5-9-2024,9,266.5
5-9-2024,10,202.7
5-9-2024,11,209.7
5-9-2024,12,269.0
5-9-2024,13,258.3
5-9-2024,14,297.4
5-9-2024,15,351.4
5-9-2024,16,389.8
5-9-2024,17,393.5
5-9-2024,18,236.1
5-9-2024,19,144.4
5-9-2024,20,115.0
5-9-2024,21,106.6
5-9-2024,22,88.3
5-9-2024,23,58.5
6-9-2024,0,20.9
6-9-2024,1,2.5
6-9-2024,2,1.1
6-9-2024,3,1.3
6-9-2024,4,2.7
6-9-2024,5,17.3
6-9-2024,6,81.5
6-9-2024,7,271.3
6-9-2024,8,343.9
6-9-2024,9,216.9
6-9-2024,10,184.7
6-9-2024,11,206.5
6-9-2024,12,264.1
6-9-2024,13,263.6
6-9-2024,14,292.4
6-9-2024,15,329.1
6-9-2024,16,324.7
6-9-2024,17,310.3
6-9-2024,18,228.3
6-9-2024,19,155.4
6-9-2024,20,121.8
6-9-2024,21,104.8
6-9-2024,22,99.5
6-9-2024,23,84.2
7-9-2024,0,41.2
7-9-2024,1,9.0
7-9-2024,2,3.3
7-9-2024,3,2.5
7-9-2024,4,3.2
7-9-2024,5,5.7
7-9-2024,6,16.1
7-9-2024,7,39.0
7-9-2024,8,74.0
7-9-2024,9,107.5
7-9-2024,10,131.4
7-9-2024,11,162.9
7-9-2024,12,187.8
7-9-2024,13,205.7
7-9-2024,14,205.6
7-9-2024,15,199.0
7-9-2024,16,195.0
7-9-2024,17,185.6
7-9-2024,18,159.8
7-9-2024,19,131.4
7-9-2024,20,118.1
7-9-2024,21,104.0
7-9-2024,22,102.5
7-9-2024,23,102.1
8-9-2024,0,58.3
8-9-2024,1,12.7
8-9-2024,2,5.1
8-9-2024,3,3.7
8-9-2024,4,3.5
8-9-2024,5,4.9
8-9-2024,6,6.5
8-9-2024,7,18.5
8-9-2024,8,38.3
8-9-2024,9,67.5
8-9-2024,10,92.1
8-9-2024,11,119.0
8-9-2024,12,143.7
8-9-2024,13,155.5
8-9-2024,14,155.3
8-9-2024,15,152.1
8-9-2024,16,153.5
8-9-2024,17,151.1
8-9-2024,18,130.7
8-9-2024,19,110.9
8-9-2024,20,101.4
8-9-2024,21,82.6
8-9-2024,22,62.5
8-9-2024,23,37.1
9-9-2024,0,11.5
9-9-2024,1,1.0
9-9-2024,2,0.5
9-9-2024,3,0.7
9-9-2024,4,2.1
9-9-2024,5,19.2
9-9-2024,6,108.2
9-9-2024,7,384.3
9-9-2024,8,470.8
9-9-2024,9,262.1
9-9-2024,10,202.9
9-9-2024,11,198.9
9-9-2024,12,246.3
9-9-2024,13,236.5
9-9-2024,14,280.7
9-9-2024,15,355.2
9-9-2024,16,404.8
9-9-2024,17,401.8
9-9-2024,18,210.3
9-9-2024,19,116.3
9-9-2024,20,84.5
9-9-2024,21,74.3
9-9-2024,22,60.0
9-9-2024,23,33.7
10-9-2024,0,9.9
10-9-2024,1,0.9
10-9-2024,2,0.5
10-9-2024,3,0.6
10-9-2024,4,1.6
10-9-2024,5,12.9
10-9-2024,6,77.4
10-9-2024,7,293.1
10-9-2024,8,413.8
10-9-2024,9,301.8
10-9-2024,10,205.1
10-9-2024,11,198.9
10-9-2024,12,252.2
10-9-2024,13,248.8
10-9-2024,14,302.2
10-9-2024,15,357.8
10-9-2024,16,392.6
10-9-2024,17,401.6
10-9-2024,18,227.6
10-9-2024,19,131.5
10-9-2024,20,92.0
10-9-2024,21,80.8
10-9-2024,22,76.9
10-9-2024,23,54.4
11-9-2024,0,14.2
11-9-2024,1,1.3
11-9-2024,2,0.6
11-9-2024,3,0.5
11-9-2024,4,0.7
11-9-2024,5,4.4
11-9-2024,6,22.2
11-9-2024,7,76.1
11-9-2024,8,326.3
11-9-2024,9,322.4
11-9-2024,10,226.3
11-9-2024,11,197.7
11-9-2024,12,242.9
11-9-2024,13,229.8
11-9-2024,14,264.9
11-9-2024,15,319.2
11-9-2024,16,331.6
11-9-2024,17,322.4
11-9-2024,18,200.1
11-9-2024,19,119.9
11-9-2024,20,91.7
11-9-2024,21,82.0
11-9-2024,22,78.4
11-9-2024,23,45.8
12-9-2024,0,13.6
12-9-2024,1,1.2
12-9-2024,2,0.6
12-9-2024,3,0.8
12-9-2024,4,2.1
12-9-2024,5,18.9
12-9-2024,6,111.5
12-9-2024,7,403.0
12-9-2024,8,506.6
12-9-2024,9,282.5
12-9-2024,10,215.1
12-9-2024,11,214.3
12-9-2024,12,272.8
12-9-2024,13,261.0
12-9-2024,14,309.5
12-9-2024,15,369.5
12-9-2024,16,422.1
12-9-2024,17,431.4
12-9-2024,18,247.1
12-9-2024,19,146.2
12-9-2024,20,113.0
12-9-2024,21,102.3
12-9-2024,22,87.2
12-9-2024,23,57.4
13-9-2024,0,19.2
13-9-2024,1,1.8
13-9-2024,2,0.9
13-9-2024,3,1.3
13-9-2024,4,2.4
13-9-2024,5,17.5
13-9-2024,6,83.6
13-9-2024,7,294.8
13-9-2024,8,375.7
13-9-2024,9,232.9
13-9-2024,10,194.0
13-9-2024,11,211.7
13-9-2024,12,270.6
13-9-2024,13,268.9
13-9-2024,14,310.2
13-9-2024,15,355.6
13-9-2024,16,349.2
13-9-2024,17,325.9
13-9-2024,18,235.9
13-9-2024,19,158.0
13-9-2024,20,125.5
13-9-2024,21,106.2
13-9-2024,22,102.4
13-9-2024,23,89.5
14-9-2024,0,44.6
14-9-2024,1,8.9
14-9-2024,2,3.9
14-9-2024,3,3.0
14-9-2024,4,3.3
14-9-2024,5,6.0
14-9-2024,6,15.6
14-9-2024,7,38.4
14-9-2024,8,73.1
14-9-2024,9,108.1
14-9-2024,10,135.8
14-9-2024,11,164.0
14-9-2024,12,184.3
14-9-2024,13,201.3
14-9-2024,14,204.5
14-9-2024,15,203.9
14-9-2024,16,199.5
14-9-2024,17,189.1
14-9-2024,18,159.4
14-9-2024,19,129.7
14-9-2024,20,113.1
14-9-2024,21,100.0
14-9-2024,22,99.2
14-9-2024,23,96.6
15-9-2024,0,48.5
15-9-2024,1,10.9
15-9-2024,2,4.2
15-9-2024,3,2.9
15-9-2024,4,3.3
15-9-2024,5,4.9
15-9-2024,6,6.8
15-9-2024,7,18.6
15-9-2024,8,39.0
15-9-2024,9,68.2
15-9-2024,10,92.1
15-9-2024,11,120.9
15-9-2024,12,141.0
15-9-2024,13,151.5
15-9-2024,14,153.5
15-9-2024,15,151.0
15-9-2024,16,150.4
15-9-2024,17,147.6
15-9-2024,18,127.3
15-9-2024,19,110.2
15-9-2024,20,97.5
15-9-2024,21,77.6
15-9-2024,22,58.9
15-9-2024,23,35.8
16-9-2024,0,11.1
16-9-2024,1,1.2
16-9-2024,2,0.7
16-9-2024,3,0.7
16-9-2024,4,1.9
16-9-2024,5,19.5
16-9-2024,6,107.1
16-9-2024,7,371.5
16-9-2024,8,463.5
16-9-2024,9,261.4
16-9-2024,10,200.1
16-9-2024,11,196.9
16-9-2024,12,246.9
16-9-2024,13,235.3
16-9-2024,14,282.7
16-9-2024,15,354.0
16-9-2024,16,399.5
16-9-2024,17,393.8
16-9-2024,18,207.8
16-9-2024,19,114.2
16-9-2024,20,87.2
16-9-2024,21,74.2
16-9-2024,22,60.1
16-9-2024,23,33.2
17-9-2024,0,9.5
17-9-2024,1,1.1
17-9-2024,2,0.5
17-9-2024,3,0.7
17-9-2024,4,1.9
17-9-2024,5,19.3
17-9-2024,6,113.1
17-9-2024,7,399.4
17-9-2024,8,483.5
17-9-2024,9,269.4
17-9-2024,10,202.7
17-9-2024,11,203.6
17-9-2024,12,259.6
17-9-2024,13,248.9
17-9-2024,14,297.2
17-9-2024,15,356.9
17-9-2024,16,405.1
17-9-2024,17,412.1
17-9-2024,18,227.1
17-9-2024,19,123.4
17-9-2024,20,97.0
17-9-2024,21,83.5
17-9-2024,22,67.8
17-9-2024,23,39.0
18-9-2024,0,11.7
18-9-2024,1,1.2
18-9-2024,2,0.8
18-9-2024,3,0.7
18-9-2024,4,2.0
18-9-2024,5,18.0
18-9-2024,6,98.2
18-9-2024,7,347.9
18-9-2024,8,434.8
18-9-2024,9,249.7
18-9-2024,10,197.8
18-9-2024,11,206.0
18-9-2024,12,265.1
18-9-2024,13,248.7
18-9-2024,14,286.3
18-9-2024,15,344.5
18-9-2024,16,376.1
18-9-2024,17,364.3
18-9-2024,18,220.0
18-9-2024,19,128.0
18-9-2024,20,97.1
18-9-2024,21,88.5
18-9-2024,22,87.6
18-9-2024,23,46.9
19-9-2024,0,13.8
19-9-2024,1,1.3
19-9-2024,2,0.6
19-9-2024,3,0.8
19-9-2024,4,2.1
19-9-2024,5,18.9
19-9-2024,6,108.5
19-9-2024,7,382.7
19-9-2024,8,474.8
19-9-2024,9,269.5
19-9-2024,10,208.3
19-9-2024,11,206.6
19-9-2024,12,263.1
19-9-2024,13,254.5
19-9-2024,14,298.8
19-9-2024,15,364.3
19-9-2024,16,402.8
19-9-2024,17,402.0
19-9-2024,18,238.4
19-9-2024,19,144.7
19-9-2024,20,119.1
19-9-2024,21,107.6
19-9-2024,22,89.7
19-9-2024,23,56.5
20-9-2024,0,19.1
20-9-2024,1,2.0
20-9-2024,2,1.2
20-9-2024,3,1.1
20-9-2024,4,2.6
20-9-2024,5,16.8
20-9-2024,6,80.8
20-9-2024,7,284.3
20-9-2024,8,363.4
20-9-2024,9,230.9
20-9-2024,10,198.9
20-9-2024,11,216.0
20-9-2024,12,274.8
20-9-2024,13,273.9
20-9-2024,14,311.6
20-9-2024,15,350.2
20-9-2024,16,346.2
20-9-2024,17,320.1
20-9-2024,18,235.4
20-9-2024,19,162.5
20-9-2024,20,127.9
20-9-2024,21,110.1
20-9-2024,22,110.3
20-9-2024,23,90.5
21-9-2024,0,44.1
21-9-2024,1,9.0
21-9-2024,2,3.8
21-9-2024,3,2.6
21-9-2024,4,3.2
21-9-2024,5,5.8
21-9-2024,6,17.3
21-9-2024,7,43.7
21-9-2024,8,79.8
21-9-2024,9,113.2
21-9-2024,10,136.8
21-9-2024,11,166.7
21-9-2024,12,187.6
21-9-2024,13,202.9
21-9-2024,14,206.2
21-9-2024,15,203.1
21-9-2024,16,201.5
21-9-2024,17,196.9
21-9-2024,18,171.8
21-9-2024,19,143.5
21-9-2024,20,122.4
21-9-2024,21,103.4
21-9-2024,22,100.2
21-9-2024,23,98.8
22-9-2024,0,48.4
22-9-2024,1,10.6
22-9-2024,2,4.1
22-9-2024,3,3.3
22-9-2024,4,3.5
22-9-2024,5,5.1
22-9-2024,6,6.3
22-9-2024,7,18.4
22-9-2024,8,41.9
22-9-2024,9,75.6
22-9-2024,10,102.6
22-9-2024,11,129.6
22-9-2024,12,151.6
22-9-2024,13,163.1
22-9-2024,14,159.4
22-9-2024,15,158.1
22-9-2024,16,164.4
22-9-2024,17,162.5
22-9-2024,18,137.1
22-9-2024,19,113.4
22-9-2024,20,99.1
22-9-2024,21,76.8
22-9-2024,22,56.8
22-9-2024,23,34.4
23-9-2024,0,10.0
23-9-2024,1,1.0
23-9-2024,2,0.5
23-9-2024,3,0.7
23-9-2024,4,2.1
23-9-2024,5,19.6
23-9-2024,6,107.7
23-9-2024,7,367.4
23-9-2024,8,455.2
23-9-2024,9,259.6
23-9-2024,10,203.8
23-9-2024,11,200.6
23-9-2024,12,250.5
23-9-2024,13,238.1
23-9-2024,14,283.7
23-9-2024,15,350.0
23-9-2024,16,396.7
23-9-2024,17,392.7
23-9-2024,18,206.9
23-9-2024,19,116.0
23-9-2024,20,88.9
23-9-2024,21,74.2
23-9-2024,22,57.8
23-9-2024,23,33.7
24-9-2024,0,10.1
24-9-2024,1,1.1
24-9-2024,2,0.5
24-9-2024,3,0.6
24-9-2024,4,2.1
24-9-2024,5,19.8
24-9-2024,6,115.9
24-9-2024,7,404.1
24-9-2024,8,491.4
24-9-2024,9,277.6
24-9-2024,10,206.0
24-9-2024,11,208.3
24-9-2024,12,265.5
24-9-2024,13,257.1
24-9-2024,14,305.8
24-9-2024,15,369.7
24-9-2024,16,416.6
24-9-2024,17,422.3
24-9-2024,18,234.7
24-9-2024,19,127.6
24-9-2024,20,97.4
24-9-2024,21,85.3
24-9-2024,22,70.1
24-9-2024,23,42.1
25-9-2024,0,13.0
25-9-2024,1,1.3
25-9-2024,2,0.7
25-9-2024,3,0.7
25-9-2024,4,2.1
25-9-2024,5,18.9
25-9-2024,6,101.7
25-9-2024,7,351.7
25-9-2024,8,447.0
25-9-2024,9,261.1
25-9-2024,10,204.3
25-9-2024,11,214.0
25-9-2024,12,271.4
25-9-2024,13,254.8
25-9-2024,14,294.8
25-9-2024,15,351.0
25-9-2024,16,383.1
25-9-2024,17,374.3
25-9-2024,18,220.9
25-9-2024,19,128.8
25-9-2024,20,96.9
25-9-2024,21,87.1
25-9-2024,22,75.8
25-9-2024,23,45.9
26-9-2024,0,14.3
26-9-2024,1,1.3
26-9-2024,2,0.6
26-9-2024,3,0.8
26-9-2024,4,2.2
26-9-2024,5,19.7
26-9-2024,6,112.8
26-9-2024,7,391.7
26-9-2024,8,491.8
26-9-2024,9,281.5
26-9-2024,10,216.9
26-9-2024,11,218.9
26-9-2024,12,274.3
26-9-2024,13,269.9
26-9-2024,14,316.3
26-9-2024,15,375.6
26-9-2024,16,412.9
26-9-2024,17,417.1
26-9-2024,18,259.9
26-9-2024,19,164.0
26-9-2024,20,121.8
26-9-2024,21,104.9
26-9-2024,22,91.0
26-9-2024,23,79.6
27-9-2024,0,23.6
27-9-2024,1,2.5
27-9-2024,2,1.1
27-9-2024,3,1.3
27-9-2024,4,2.6
27-9-2024,5,18.0
27-9-2024,6,87.3
27-9-2024,7,304.2
27-9-2024,8,389.7
27-9-2024,9,244.1
27-9-2024,10,204.2
27-9-2024,11,223.4
27-9-2024,12,287.2
27-9-2024,13,284.0
27-9-2024,14,322.6
27-9-2024,15,354.3
27-9-2024,16,347.1
27-9-2024,17,326.0
27-9-2024,18,240.5
27-9-2024,19,161.5
27-9-2024,20,123.4
27-9-2024,21,105.5
27-9-2024,22,106.9
27-9-2024,23,97.8
28-9-2024,0,48.0
28-9-2024,1,9.5
28-9-2024,2,3.9
28-9-2024,3,3.1
28-9-2024,4,3.8
28-9-2024,5,6.2
28-9-2024,6,16.2
28-9-2024,7,39.5
28-9-2024,8,73.3
28-9-2024,9,107.4
28-9-2024,10,132.1
28-9-2024,11,162.4
28-9-2024,12,186.7
28-9-2024,13,202.9
28-9-2024,14,204.2
28-9-2024,15,201.9
28-9-2024,16,203.9
28-9-2024,17,199.1
28-9-2024,18,168.1
28-9-2024,19,137.3
28-9-2024,20,116.3
28-9-2024,21,97.5
28-9-2024,22,97.8
28-9-2024,23,93.4
29-9-2024,0,47.2
29-9-2024,1,10.8
29-9-2024,2,4.4
29-9-2024,3,3.6
29-9-2024,4,3.6
29-9-2024,5,4.9
29-9-2024,6,6.3
29-9-2024,7,18.1
29-9-2024,8,40.0
29-9-2024,9,71.4
29-9-2024,10,98.6
29-9-2024,11,130.5
29-9-2024,12,153.2
29-9-2024,13,167.9
29-9-2024,14,168.4
29-9-2024,15,166.7
29-9-2024,16,169.6
29-9-2024,17,163.1
29-9-2024,18,135.0
29-9-2024,19,113.5
29-9-2024,20,98.9
29-9-2024,21,78.5
29-9-2024,22,60.7
29-9-2024,23,35.1
30-9-2024,0,10.7
30-9-2024,1,1.0
30-9-2024,2,0.5
30-9-2024,3,0.6
30-9-2024,4,1.9
30-9-2024,5,19.5
30-9-2024,6,110.2
30-9-2024,7,371.9
30-9-2024,8,457.6
30-9-2024,9,262.2
30-9-2024,10,205.8
30-9-2024,11,206.4
30-9-2024,12,259.2
30-9-2024,13,250.3
30-9-2024,14,296.7
30-9-2024,15,364.7
30-9-2024,16,411.3
30-9-2024,17,405.8
30-9-2024,18,222.6
30-9-2024,19,119.8
30-9-2024,20,85.3
30-9-2024,21,74.2
30-9-2024,22,59.5
30-9-2024,23,35.5
1-10-2024,0,9.8
1-10-2024,1,0.9
1-10-2024,2,0.5
1-10-2024,3,0.6
1-10-2024,4,2.0
1-10-2024,5,20.0
1-10-2024,6,122.7
1-10-2024,7,429.2
1-10-2024,8,534.3
1-10-2024,9,298.6
1-10-2024,10,215.2
1-10-2024,11,214.5
1-10-2024,12,275.1
1-10-2024,13,264.3
1-10-2024,14,316.1
1-10-2024,15,377.8
1-10-2024,16,427.2
1-10-2024,17,440.6
1-10-2024,18,243.9
1-10-2024,19,128.6
1-10-2024,20,93.5
1-10-2024,21,82.9
1-10-2024,22,72.0
1-10-2024,23,47.9
2-10-2024,0,13.6
2-10-2024,1,1.2
2-10-2024,2,0.6
2-10-2024,3,0.7
2-10-2024,4,2.0
2-10-2024,5,18.5
2-10-2024,6,102.6
2-10-2024,7,352.9
2-10-2024,8,448.9
2-10-2024,9,259.4
2-10-2024,10,201.8
2-10-2024,11,210.9
2-10-2024,12,271.0
2-10-2024,13,259.7
2-10-2024,14,293.6
2-10-2024,15,350.7
2-10-2024,16,388.9
2-10-2024,17,383.9
2-10-2024,18,224.3
2-10-2024,19,131.7
2-10-2024,20,100.3
2-10-2024,21,88.7
2-10-2024,22,77.8
2-10-2024,23,48.7
3-10-2024,0,19.4
3-10-2024,1,3.3
3-10-2024,2,2.4
3-10-2024,3,1.9
3-10-2024,4,2.6
3-10-2024,5,19.4
3-10-2024,6,110.0
3-10-2024,7,373.2
3-10-2024,8,464.2
3-10-2024,9,272.1
3-10-2024,10,210.9
3-10-2024,11,211.5
3-10-2024,12,267.6
3-10-2024,13,260.6
3-10-2024,14,302.4
3-10-2024,15,363.0
3-10-2024,16,410.8
3-10-2024,17,420.8
3-10-2024,18,256.8
3-10-2024,19,155.0
3-10-2024,20,118.6
3-10-2024,21,107.5
3-10-2024,22,94.4
3-10-2024,23,64.6
4-10-2024,0,24.0
4-10-2024,1,4.1
4-10-2024,2,2.1
4-10-2024,3,1.7
4-10-2024,4,2.8
4-10-2024,5,16.9
4-10-2024,6,83.0
4-10-2024,7,279.7
4-10-2024,8,359.8
4-10-2024,9,235.5
4-10-2024,10,197.8
4-10-2024,11,213.6
4-10-2024,12,271.6
4-10-2024,13,271.2
4-10-2024,14,310.1
4-10-2024,15,348.8
4-10-2024,16,352.6
4-10-2024,17,332.9
4-10-2024,18,246.5
4-10-2024,19,168.5
4-10-2024,20,126.2
4-10-2024,21,106.9
4-10-2024,22,113.6
4-10-2024,23,92.0
5-10-2024,0,44.1
5-10-2024,1,8.7
5-10-2024,2,3.4
5-10-2024,3,2.6
5-10-2024,4,3.2
5-10-2024,5,5.7
5-10-2024,6,16.5
5-10-2024,7,40.6
5-10-2024,8,75.1
5-10-2024,9,110.6
5-10-2024,10,137.6
5-10-2024,11,165.2
5-10-2024,12,189.4
5-10-2024,13,204.0
5-10-2024,14,207.2
5-10-2024,15,205.4
5-10-2024,16,208.2
5-10-2024,17,206.1
5-10-2024,18,176.2
5-10-2024,19,143.9
5-10-2024,20,120.3
5-10-2024,21,100.5
5-10-2024,22,101.1
5-10-2024,23,89.4
6-10-2024,0,45.6
6-10-2024,1,10.0
6-10-2024,2,4.2
6-10-2024,3,3.2
6-10-2024,4,3.5
6-10-2024,5,5.0
6-10-2024,6,6.8
6-10-2024,7,19.8
6-10-2024,8,41.9
6-10-2024,9,74.4
6-10-2024,10,99.6
6-10-2024,11,129.0
6-10-2024,12,151.6
6-10-2024,13,163.9
6-10-2024,14,165.7
6-10-2024,15,166.4
6-10-2024,16,162.6
6-10-2024,17,158.7
6-10-2024,18,143.3
6-10-2024,19,126.4
6-10-2024,20,101.0
6-10-2024,21,78.1
6-10-2024,22,60.0
6-10-2024,23,34.0
7-10-2024,0,9.5
7-10-2024,1,0.9
7-10-2024,2,0.4
7-10-2024,3,0.6
7-10-2024,4,1.9
7-10-2024,5,19.8
7-10-2024,6,109.7
7-10-2024,7,365.9
7-10-2024,8,452.8
7-10-2024,9,261.1
7-10-2024,10,201.8
7-10-2024,11,201.7
7-10-2024,12,250.9
7-10-2024,13,242.9
7-10-2024,14,284.3
7-10-2024,15,347.4
7-10-2024,16,394.7
7-10-2024,17,393.3
7-10-2024,18,210.0
7-10-2024,19,117.3
7-10-2024,20,86.6
7-10-2024,21,73.3
7-10-2024,22,58.1
7-10-2024,23,32.9
8-10-2024,0,9.9
8-10-2024,1,1.0
8-10-2024,2,0.4
8-10-2024,3,0.6
8-10-2024,4,1.9
8-10-2024,5,19.6
8-10-2024,6,116.8
8-10-2024,7,396.9
8-10-2024,8,488.0
8-10-2024,9,273.7
8-10-2024,10,204.4
8-10-2024,11,205.6
8-10-2024,12,263.0
8-10-2024,13,256.7
8-10-2024,14,300.9
8-10-2024,15,356.5
8-10-2024,16,407.5
8-10-2024,17,419.3
8-10-2024,18,229.0
8-10-2024,19,127.0
8-10-2024,20,92.8
8-10-2024,21,82.5
8-10-2024,22,69.7
8-10-2024,23,40.7
9-10-2024,0,12.2
9-10-2024,1,1.2
9-10-2024,2,0.7
9-10-2024,3,0.7
9-10-2024,4,2.1
9-10-2024,5,18.3
9-10-2024,6,101.4
9-10-2024,7,346.2
9-10-2024,8,434.9
9-10-2024,9,254.0
9-10-2024,10,198.2
9-10-2024,11,207.5
9-10-2024,12,268.5
9-10-2024,13,251.9
9-10-2024,14,287.1
9-10-2024,15,338.9
9-10-2024,16,379.3
9-10-2024,17,374.6
9-10-2024,18,214.8
9-10-2024,19,122.5
9-10-2024,20,91.8
9-10-2024,21,83.9
9-10-2024,22,76.4
9-10-2024,23,42.5
10-10-2024,0,13.4
10-10-2024,1,1.2
10-10-2024,2,0.7
10-10-2024,3,0.9
10-10-2024,4,2.2
10-10-2024,5,19.5
10-10-2024,6,115.2
10-10-2024,7,394.2
10-10-2024,8,498.1
10-10-2024,9,284.1
10-10-2024,10,211.2
10-10-2024,11,213.6
10-10-2024,12,274.5
10-10-2024,13,261.0
10-10-2024,14,306.6
10-10-2024,15,367.4
10-10-2024,16,415.2
10-10-2024,17,422.6
10-10-2024,18,250.3
10-10-2024,19,148.6
10-10-2024,20,111.7
10-10-2024,21,103.4
10-10-2024,22,91.0
10-10-2024,23,61.8
11-10-2024,0,19.2
11-10-2024,1,2.1
11-10-2024,2,1.4
11-10-2024,3,1.5
11-10-2024,4,2.5
11-10-2024,5,17.6
11-10-2024,6,85.0
11-10-2024,7,290.1
11-10-2024,8,372.7
11-10-2024,9,236.8
11-10-2024,10,200.6
11-10-2024,11,215.3
11-10-2024,12,274.1
11-10-2024,13,271.8
11-10-2024,14,310.4
11-10-2024,15,349.7
11-10-2024,16,349.0
11-10-2024,17,333.8
11-10-2024,18,244.6
11-10-2024,19,165.1
11-10-2024,20,123.2
11-10-2024,21,106.3
11-10-2024,22,106.2
11-10-2024,23,96.7
12-10-2024,0,44.4
12-10-2024,1,8.8
12-10-2024,2,3.3
12-10-2024,3,2.6
12-10-2024,4,2.9
12-10-2024,5,5.5
12-10-2024,6,16.7
12-10-2024,7,39.1
12-10-2024,8,72.9
12-10-2024,9,108.2
12-10-2024,10,134.6
12-10-2024,11,162.9
12-10-2024,12,182.4
12-10-2024,13,195.8
12-10-2024,14,200.1
12-10-2024,15,200.5
12-10-2024,16,205.4
12-10-2024,17,201.6
12-10-2024,18,170.3
12-10-2024,19,136.8
12-10-2024,20,109.2
12-10-2024,21,91.9
12-10-2024,22,100.6
12-10-2024,23,92.6
13-10-2024,0,45.5
13-10-2024,1,9.6
13-10-2024,2,4.0
13-10-2024,3,3.0
13-10-2024,4,3.4
13-10-2024,5,4.8
13-10-2024,6,5.9
13-10-2024,7,19.1
13-10-2024,8,39.7
13-10-2024,9,70.7
13-10-2024,10,98.8
13-10-2024,11,127.9
13-10-2024,12,149.4
13-10-2024,13,160.1
13-10-2024,14,160.2
13-10-2024,15,159.0
13-10-2024,16,157.7
13-10-2024,17,154.7
13-10-2024,18,131.1
13-10-2024,19,111.4
13-10-2024,20,93.6
13-10-2024,21,74.4
13-10-2024,22,59.1
13-10-2024,23,32.9
14-10-2024,0,9.6
14-10-2024,1,1.0
14-10-2024,2,0.4
14-10-2024,3,0.6
14-10-2024,4,2.0
14-10-2024,5,19.4
14-10-2024,6,109.6
14-10-2024,7,362.7
14-10-2024,8,451.2
14-10-2024,9,256.7
14-10-2024,10,201.3
14-10-2024,11,201.4
14-10-2024,12,252.0
14-10-2024,13,240.5
14-10-2024,14,284.1
14-10-2024,15,347.7
14-10-2024,16,394.8
14-10-2024,17,394.7
14-10-2024,18,208.8
14-10-2024,19,117.0
14-10-2024,20,85.3
14-10-2024,21,74.3
14-10-2024,22,59.8
14-10-2024,23,34.0
15-10-2024,0,9.8
15-10-2024,1,1.0
15-10-2024,2,0.6
15-10-2024,3,0.9
15-10-2024,4,2.1
15-10-2024,5,19.9
15-10-2024,6,117.8
15-10-2024,7,394.1
15-10-2024,8,488.1
15-10-2024,9,275.2
15-10-2024,10,204.8
15-10-2024,11,209.1
15-10-2024,12,264.9
15-10-2024,13,254.5
15-10-2024,14,301.2
15-10-2024,15,355.3
15-10-2024,16,405.3
15-10-2024,17,422.8
15-10-2024,18,235.4
15-10-2024,19,127.3
15-10-2024,20,93.4
15-10-2024,21,82.3
15-10-2024,22,72.6
15-10-2024,23,38.6
16-10-2024,0,11.2
16-10-2024,1,1.1
16-10-2024,2,0.5
16-10-2024,3,0.6
16-10-2024,4,2.0
16-10-2024,5,18.5
16-10-2024,6,100.4
16-10-2024,7,335.4
16-10-2024,8,424.9
16-10-2024,9,257.5
16-10-2024,10,203.2
16-10-2024,11,214.1
16-10-2024,12,274.4
16-10-2024,13,258.6
16-10-2024,14,290.2
16-10-2024,15,342.5
16-10-2024,16,375.7
16-10-2024,17,368.7
16-10-2024,18,219.5
16-10-2024,19,132.1
16-10-2024,20,98.0
16-10-2024,21,89.7
16-10-2024,22,80.9
16-10-2024,23,50.4
17-10-2024,0,15.4
17-10-2024,1,1.6
17-10-2024,2,0.8
17-10-2024,3,1.1
17-10-2024,4,2.7
17-10-2024,5,23.1
17-10-2024,6,116.7
17-10-2024,7,378.2
17-10-2024,8,475.9
17-10-2024,9,278.1
17-10-2024,10,210.1
17-10-2024,11,212.2
17-10-2024,12,265.0
17-10-2024,13,256.2
17-10-2024,14,301.9
17-10-2024,15,354.3
17-10-2024,16,400.7
17-10-2024,17,411.4
17-10-2024,18,245.8
17-10-2024,19,148.2
17-10-2024,20,113.1
17-10-2024,21,106.7
17-10-2024,22,95.7
17-10-2024,23,64.5
18-10-2024,0,21.7
18-10-2024,1,2.7
18-10-2024,2,1.5
18-10-2024,3,1.8
18-10-2024,4,3.3
18-10-2024,5,21.2
18-10-2024,6,92.3
18-10-2024,7,279.4
18-10-2024,8,355.8
18-10-2024,9,228.9
18-10-2024,10,194.3
18-10-2024,11,211.5
18-10-2024,12,268.7
18-10-2024,13,269.2
18-10-2024,14,308.6
18-10-2024,15,341.2
18-10-2024,16,342.5
18-10-2024,17,327.1
18-10-2024,18,237.7
18-10-2024,19,161.6
18-10-2024,20,122.0
18-10-2024,21,109.6
18-10-2024,22,118.8
18-10-2024,23,106.8
19-10-2024,0,52.3
19-10-2024,1,9.9
19-10-2024,2,3.6
19-10-2024,3,3.3
19-10-2024,4,4.3
19-10-2024,5,9.0
19-10-2024,6,23.6
19-10-2024,7,44.3
19-10-2024,8,76.4
19-10-2024,9,109.2
19-10-2024,10,129.7
19-10-2024,11,159.8
19-10-2024,12,189.6
19-10-2024,13,209.0
19-10-2024,14,213.1
19-10-2024,15,207.9
19-10-2024,16,204.8
19-10-2024,17,194.5
19-10-2024,18,165.5
19-10-2024,19,133.2
19-10-2024,20,109.1
19-10-2024,21,101.6
19-10-2024,22,114.9
19-10-2024,23,113.7
20-10-2024,0,54.3
20-10-2024,1,10.9
20-10-2024,2,4.6
20-10-2024,3,4.1
20-10-2024,4,5.3
20-10-2024,5,8.8
20-10-2024,6,15.3
20-10-2024,7,35.0
20-10-2024,8,51.7
20-10-2024,9,74.0
20-10-2024,10,99.1
20-10-2024,11,130.9
20-10-2024,12,152.7
20-10-2024,13,161.5
20-10-2024,14,162.5
20-10-2024,15,163.3
20-10-2024,16,164.6
20-10-2024,17,157.5
20-10-2024,18,127.2
20-10-2024,19,107.4
20-10-2024,20,89.3
20-10-2024,21,71.4
20-10-2024,22,59.3
20-10-2024,23,40.9
21-10-2024,0,13.8
21-10-2024,1,2.0
21-10-2024,2,0.8
21-10-2024,3,0.8
21-10-2024,4,2.2
21-10-2024,5,20.3
21-10-2024,6,106.1
21-10-2024,7,316.9
21-10-2024,8,392.2
21-10-2024,9,232.8
21-10-2024,10,189.2
21-10-2024,11,199.9
21-10-2024,12,237.0
21-10-2024,13,227.0
21-10-2024,14,265.5
21-10-2024,15,312.2
21-10-2024,16,360.9
21-10-2024,17,371.0
21-10-2024,18,205.1
21-10-2024,19,116.8
21-10-2024,20,85.9
21-10-2024,21,74.9
21-10-2024,22,63.7
21-10-2024,23,38.3
22-10-2024,0,11.3
22-10-2024,1,1.0
22-10-2024,2,0.4
22-10-2024,3,0.5
22-10-2024,4,2.0
22-10-2024,5,20.0
22-10-2024,6,113.0
22-10-2024,7,343.6
22-10-2024,8,423.3
22-10-2024,9,249.4
22-10-2024,10,197.6
22-10-2024,11,207.8
22-10-2024,12,246.3
22-10-2024,13,239.4
22-10-2024,14,276.5
22-10-2024,15,319.8
22-10-2024,16,371.8
22-10-2024,17,399.9
22-10-2024,18,232.0
22-10-2024,19,132.0
22-10-2024,20,94.8
22-10-2024,21,82.6
22-10-2024,22,67.7
22-10-2024,23,42.7
23-10-2024,0,16.2
23-10-2024,1,1.3
23-10-2024,2,0.6
23-10-2024,3,0.6
23-10-2024,4,2.0
23-10-2024,5,18.7
23-10-2024,6,97.3
23-10-2024,7,289.2
23-10-2024,8,354.2
23-10-2024,9,232.8
23-10-2024,10,192.0
23-10-2024,11,206.3
23-10-2024,12,247.9
23-10-2024,13,236.7
23-10-2024,14,265.3
23-10-2024,15,302.0
23-10-2024,16,337.8
23-10-2024,17,348.9
23-10-2024,18,216.0
23-10-2024,19,128.0
23-10-2024,20,95.0
23-10-2024,21,86.4
23-10-2024,22,74.9
23-10-2024,23,48.0
24-10-2024,0,13.9
24-10-2024,1,1.3
24-10-2024,2,0.5
24-10-2024,3,0.7
24-10-2024,4,2.1
24-10-2024,5,19.6
24-10-2024,6,106.9
24-10-2024,7,325.3
24-10-2024,8,406.3
24-10-2024,9,250.0
24-10-2024,10,200.8
24-10-2024,11,211.0
24-10-2024,12,250.2
24-10-2024,13,245.6
24-10-2024,14,280.4
24-10-2024,15,319.0
24-10-2024,16,370.8
24-10-2024,17,396.3
24-10-2024,18,252.8
24-10-2024,19,155.0
24-10-2024,20,115.9
24-10-2024,21,106.0
24-10-2024,22,95.0
24-10-2024,23,61.4
25-10-2024,0,20.4
25-10-2024,1,2.2
25-10-2024,2,1.2
25-10-2024,3,1.3
25-10-2024,4,2.7
25-10-2024,5,17.5
25-10-2024,6,80.0
25-10-2024,7,227.6
25-10-2024,8,291.1
25-10-2024,9,211.1
25-10-2024,10,187.8
25-10-2024,11,210.2
25-10-2024,12,253.6
25-10-2024,13,252.1
25-10-2024,14,281.6
25-10-2024,15,303.5
25-10-2024,16,314.5
25-10-2024,17,318.2
25-10-2024,18,249.6
25-10-2024,19,172.2
25-10-2024,20,128.1
25-10-2024,21,110.9
25-10-2024,22,114.6
25-10-2024,23,97.7
26-10-2024,0,47.6
26-10-2024,1,9.3
26-10-2024,2,3.9
26-10-2024,3,3.0
26-10-2024,4,3.7
26-10-2024,5,6.6
26-10-2024,6,16.5
26-10-2024,7,38.4
26-10-2024,8,70.3
26-10-2024,9,108.0
26-10-2024,10,136.5
26-10-2024,11,168.6
26-10-2024,12,189.7
26-10-2024,13,206.2
26-10-2024,14,212.6
26-10-2024,15,212.6
26-10-2024,16,216.6
26-10-2024,17,211.0
26-10-2024,18,176.1
26-10-2024,19,144.9
26-10-2024,20,119.1
26-10-2024,21,99.4
26-10-2024,22,100.6
26-10-2024,23,97.1
27-10-2024,0,49.8
27-10-2024,1,10.5
27-10-2024,2,6.1
27-10-2024,3,1.9
27-10-2024,4,2.4
27-10-2024,5,4.4
27-10-2024,6,7.0
27-10-2024,7,21.6
27-10-2024,8,44.0
27-10-2024,9,79.8
27-10-2024,10,109.4
27-10-2024,11,139.2
27-10-2024,12,157.1
27-10-2024,13,166.1
27-10-2024,14,165.1
27-10-2024,15,170.4
27-10-2024,16,168.4
27-10-2024,17,163.8
27-10-2024,18,139.8
27-10-2024,19,115.9
27-10-2024,20,90.8
27-10-2024,21,72.5
27-10-2024,22,63.4
27-10-2024,23,34.6
28-10-2024,0,10.4
28-10-2024,1,1.0
28-10-2024,2,0.4
28-10-2024,3,0.6
28-10-2024,4,2.0
28-10-2024,5,19.5
28-10-2024,6,98.4
28-10-2024,7,255.9
28-10-2024,8,293.0
28-10-2024,9,185.5
28-10-2024,10,166.6
28-10-2024,11,174.0
28-10-2024,12,205.3
28-10-2024,13,198.2
28-10-2024,14,217.7
28-10-2024,15,255.4
28-10-2024,16,320.9
28-10-2024,17,348.6
28-10-2024,18,198.1
28-10-2024,19,114.3
28-10-2024,20,84.4
28-10-2024,21,69.7
28-10-2024,22,67.4
28-10-2024,23,42.5
29-10-2024,0,12.6
29-10-2024,1,1.2
29-10-2024,2,0.5
29-10-2024,3,0.7
29-10-2024,4,2.0
29-10-2024,5,19.8
29-10-2024,6,105.6
29-10-2024,7,278.2
29-10-2024,8,322.5
29-10-2024,9,208.3
29-10-2024,10,177.5
29-10-2024,11,184.5
29-10-2024,12,216.9
29-10-2024,13,213.8
29-10-2024,14,231.7
29-10-2024,15,272.8
29-10-2024,16,341.0
29-10-2024,17,378.9
29-10-2024,18,218.0
29-10-2024,19,122.1
29-10-2024,20,89.7
29-10-2024,21,80.0
29-10-2024,22,71.4
29-10-2024,23,46.1
30-10-2024,0,14.3
30-10-2024,1,1.2
30-10-2024,2,0.6
30-10-2024,3,0.8
30-10-2024,4,2.2
30-10-2024,5,18.7
30-10-2024,6,89.1
30-10-2024,7,226.8
30-10-2024,8,272.5
30-10-2024,9,192.9
30-10-2024,10,177.9
30-10-2024,11,188.5
30-10-2024,12,220.8
30-10-2024,13,220.5
30-10-2024,14,236.3
30-10-2024,15,273.5
30-10-2024,16,319.8
30-10-2024,17,331.2
30-10-2024,18,202.0
30-10-2024,19,119.8
30-10-2024,20,103.0
30-10-2024,21,89.0
30-10-2024,22,82.3
30-10-2024,23,49.8
31-10-2024,0,16.0
31-10-2024,1,1.6
31-10-2024,2,0.7
31-10-2024,3,0.8
31-10-2024,4,2.2
31-10-2024,5,19.2
31-10-2024,6,97.8
31-10-2024,7,259.7
31-10-2024,8,305.6
31-10-2024,9,200.1
31-10-2024,10,177.2
31-10-2024,11,184.2
31-10-2024,12,218.2
31-10-2024,13,216.7
31-10-2024,14,232.9
31-10-2024,15,274.6
31-10-2024,16,336.4
31-10-2024,17,362.3
31-10-2024,18,228.8
31-10-2024,19,142.3
31-10-2024,20,109.5
31-10-2024,21,101.2
31-10-2024,22,97.3
31-10-2024,23,69.2
1-11-2024,0,25.8
1-11-2024,1,3.0
1-11-2024,2,1.5
1-11-2024,3,2.0
1-11-2024,4,3.6
1-11-2024,5,18.4
1-11-2024,6,72.8
1-11-2024,7,175.1
1-11-2024,8,219.7
1-11-2024,9,173.3
1-11-2024,10,170.4
1-11-2024,11,187.8
1-11-2024,12,224.2
1-11-2024,13,225.3
1-11-2024,14,241.1
1-11-2024,15,271.6
1-11-2024,16,296.1
1-11-2024,17,301.6
1-11-2024,18,226.4
1-11-2024,19,153.3
1-11-2024,20,120.7
1-11-2024,21,103.3
1-11-2024,22,105.5
1-11-2024,23,95.6
2-11-2024,0,46.8
2-11-2024,1,9.5
2-11-2024,2,3.9
2-11-2024,3,3.1
2-11-2024,4,3.3
2-11-2024,5,6.2
2-11-2024,6,16.4
2-11-2024,7,38.5
2-11-2024,8,70.4
2-11-2024,9,106.4
2-11-2024,10,133.0
2-11-2024,11,161.5
2-11-2024,12,180.4
2-11-2024,13,197.5
2-11-2024,14,200.5
2-11-2024,15,205.3
2-11-2024,16,216.7
2-11-2024,17,212.6
2-11-2024,18,170.9
2-11-2024,19,134.1
2-11-2024,20,111.8
2-11-2024,21,104.9
2-11-2024,22,104.6
2-11-2024,23,102.3
3-11-2024,0,48.6
3-11-2024,1,11.7
3-11-2024,2,4.7
3-11-2024,3,3.0
3-11-2024,4,3.4
3-11-2024,5,5.1
3-11-2024,6,6.3
3-11-2024,7,18.3
3-11-2024,8,38.8
3-11-2024,9,69.9
3-11-2024,10,95.2
3-11-2024,11,123.1
3-11-2024,12,143.1
3-11-2024,13,160.0
3-11-2024,14,157.5
3-11-2024,15,158.6
3-11-2024,16,163.9
3-11-2024,17,158.1
3-11-2024,18,128.0
3-11-2024,19,105.4
3-11-2024,20,87.9
3-11-2024,21,70.5
3-11-2024,22,60.3
3-11-2024,23,35.2
4-11-2024,0,9.9
4-11-2024,1,0.8
4-11-2024,2,0.4
4-11-2024,3,0.5
4-11-2024,4,1.9
4-11-2024,5,20.1
4-11-2024,6,112.5
4-11-2024,7,354.2
4-11-2024,8,420.3
4-11-2024,9,238.5
4-11-2024,10,193.1
4-11-2024,11,196.8
4-11-2024,12,238.5
4-11-2024,13,232.3
4-11-2024,14,264.5
4-11-2024,15,320.0
4-11-2024,16,375.3
4-11-2024,17,384.3
4-11-2024,18,208.0
4-11-2024,19,110.6
4-11-2024,20,78.2
4-11-2024,21,68.3
4-11-2024,22,62.8
4-11-2024,23,33.3
5-11-2024,0,10.3
5-11-2024,1,0.8
5-11-2024,2,0.3
5-11-2024,3,0.6
5-11-2024,4,1.9
5-11-2024,5,19.9
5-11-2024,6,118.1
5-11-2024,7,382.9
5-11-2024,8,461.2
5-11-2024,9,260.5
5-11-2024,10,199.7
5-11-2024,11,202.8
5-11-2024,12,251.3
5-11-2024,13,246.5
5-11-2024,14,286.4
5-11-2024,15,335.9
5-11-2024,16,399.3
5-11-2024,17,414.8
5-11-2024,18,221.3
5-11-2024,19,118.4
5-11-2024,20,89.0
5-11-2024,21,81.1
5-11-2024,22,69.5
5-11-2024,23,39.0
6-11-2024,0,11.7
6-11-2024,1,1.1
6-11-2024,2,0.5
6-11-2024,3,0.7
6-11-2024,4,2.2
6-11-2024,5,19.0
6-11-2024,6,101.3
6-11-2024,7,322.4
6-11-2024,8,399.7
6-11-2024,9,236.7
6-11-2024,10,193.8
6-11-2024,11,205.6
6-11-2024,12,253.6
6-11-2024,13,242.6
6-11-2024,14,270.6
6-11-2024,15,315.5
6-11-2024,16,361.4
6-11-2024,17,361.5
6-11-2024,18,207.8
6-11-2024,19,121.6
6-11-2024,20,89.1
6-11-2024,21,81.4
6-11-2024,22,77.2
6-11-2024,23,51.7
7-11-2024,0,13.5
7-11-2024,1,1.1
7-11-2024,2,0.5
7-11-2024,3,0.7
7-11-2024,4,2.2
7-11-2024,5,19.7
7-11-2024,6,113.6
7-11-2024,7,367.2
7-11-2024,8,451.0
7-11-2024,9,257.1
7-11-2024,10,202.9
7-11-2024,11,208.8
7-11-2024,12,255.7
7-11-2024,13,248.2
7-11-2024,14,285.4
7-11-2024,15,340.4
7-11-2024,16,396.6
7-11-2024,17,413.1
7-11-2024,18,245.0
7-11-2024,19,146.3
7-11-2024,20,106.1
7-11-2024,21,99.0
7-11-2024,22,90.7
7-11-2024,23,73.0
8-11-2024,0,20.2
8-11-2024,1,1.9
8-11-2024,2,1.0
8-11-2024,3,1.2
8-11-2024,4,2.6
8-11-2024,5,17.8
8-11-2024,6,84.2
8-11-2024,7,265.5
8-11-2024,8,338.5
8-11-2024,9,222.4
8-11-2024,10,197.7
8-11-2024,11,215.2
8-11-2024,12,264.9
8-11-2024,13,264.5
8-11-2024,14,294.8
8-11-2024,15,329.5
8-11-2024,16,340.1
8-11-2024,17,333.0
8-11-2024,18,243.6
8-11-2024,19,163.7
8-11-2024,20,120.4
8-11-2024,21,104.1
8-11-2024,22,112.6
8-11-2024,23,102.0
9-11-2024,0,46.9
9-11-2024,1,8.5
9-11-2024,2,3.6
9-11-2024,3,2.5
9-11-2024,4,3.7
9-11-2024,5,6.0
9-11-2024,6,16.1
9-11-2024,7,41.4
9-11-2024,8,78.7
9-11-2024,9,115.6
9-11-2024,10,136.4
9-11-2024,11,164.2
9-11-2024,12,187.5
9-11-2024,13,203.9
9-11-2024,14,209.4
9-11-2024,15,213.4
9-11-2024,16,216.2
9-11-2024,17,208.4
9-11-2024,18,170.5
9-11-2024,19,137.9
9-11-2024,20,110.6
9-11-2024,21,97.3
9-11-2024,22,103.1
9-11-2024,23,99.5
10-11-2024,0,48.4
10-11-2024,1,10.4
10-11-2024,2,4.3
10-11-2024,3,3.3
10-11-2024,4,3.8
10-11-2024,5,5.3
10-11-2024,6,7.1
10-11-2024,7,18.0
10-11-2024,8,38.8
10-11-2024,9,69.8
10-11-2024,10,92.6
10-11-2024,11,121.6
10-11-2024,12,143.9
10-11-2024,13,159.8
10-11-2024,14,158.0
10-11-2024,15,156.9
10-11-2024,16,163.0
10-11-2024,17,155.0
10-11-2024,18,126.8
10-11-2024,19,105.7
10-11-2024,20,90.9
10-11-2024,21,75.7
10-11-2024,22,61.7
10-11-2024,23,35.3
11-11-2024,0,10.7
11-11-2024,1,0.9
11-11-2024,2,0.4
11-11-2024,3,0.6
11-11-2024,4,1.9
11-11-2024,5,19.7
11-11-2024,6,111.5
11-11-2024,7,359.2
11-11-2024,8,436.0
11-11-2024,9,249.9
11-11-2024,10,204.9
11-11-2024,11,208.3
11-11-2024,12,257.3
11-11-2024,13,247.3
11-11-2024,14,281.3
11-11-2024,15,339.7
11-11-2024,16,394.9
11-11-2024,17,394.5
11-11-2024,18,211.3
11-11-2024,19,118.7
11-11-2024,20,90.1
11-11-2024,21,80.2
11-11-2024,22,70.9
11-11-2024,23,45.3
12-11-2024,0,13.1
12-11-2024,1,1.1
12-11-2024,2,0.4
12-11-2024,3,0.5
12-11-2024,4,1.9
12-11-2024,5,20.0
12-11-2024,6,118.4
12-11-2024,7,382.2
12-11-2024,8,468.1
12-11-2024,9,261.9
12-11-2024,10,199.9
12-11-2024,11,206.0
12-11-2024,12,259.1
12-11-2024,13,250.0
12-11-2024,14,284.5
12-11-2024,15,344.6
12-11-2024,16,401.7
12-11-2024,17,422.7
12-11-2024,18,227.2
12-11-2024,19,122.1
12-11-2024,20,89.9
12-11-2024,21,81.7
12-11-2024,22,72.4
12-11-2024,23,39.1
13-11-2024,0,11.4
13-11-2024,1,1.0
13-11-2024,2,0.4
13-11-2024,3,0.7
13-11-2024,4,1.6
13-11-2024,5,15.6
13-11-2024,6,83.7
13-11-2024,7,262.2
13-11-2024,8,343.5
13-11-2024,9,243.0
13-11-2024,10,201.7
13-11-2024,11,201.7
13-11-2024,12,252.6
13-11-2024,13,243.6
13-11-2024,14,267.4
13-11-2024,15,310.3
13-11-2024,16,341.0
13-11-2024,17,335.3
13-11-2024,18,199.0
13-11-2024,19,116.6
13-11-2024,20,87.4
13-11-2024,21,83.8
13-11-2024,22,75.8
13-11-2024,23,47.7
14-11-2024,0,13.8
14-11-2024,1,1.0
14-11-2024,2,0.5
14-11-2024,3,0.6
14-11-2024,4,2.0
14-11-2024,5,19.7
14-11-2024,6,112.1
14-11-2024,7,367.7
14-11-2024,8,461.4
14-11-2024,9,262.1
14-11-2024,10,204.9
14-11-2024,11,211.5
14-11-2024,12,263.6
14-11-2024,13,253.0
14-11-2024,14,287.6
14-11-2024,15,342.3
14-11-2024,16,399.2
14-11-2024,17,410.2
14-11-2024,18,244.9
14-11-2024,19,142.2
14-11-2024,20,110.5
14-11-2024,21,104.7
14-11-2024,22,96.7
14-11-2024,23,60.7
15-11-2024,0,20.1
15-11-2024,1,2.2
15-11-2024,2,1.0
15-11-2024,3,1.4
15-11-2024,4,2.5
15-11-2024,5,16.4
15-11-2024,6,74.3
15-11-2024,7,228.3
15-11-2024,8,303.6
15-11-2024,9,222.7
15-11-2024,10,197.6
15-11-2024,11,207.6
15-11-2024,12,256.1
15-11-2024,13,260.3
15-11-2024,14,291.0
15-11-2024,15,321.9
15-11-2024,16,328.0
15-11-2024,17,321.0
15-11-2024,18,233.8
15-11-2024,19,156.4
15-11-2024,20,119.4
15-11-2024,21,106.2
15-11-2024,22,111.4
15-11-2024,23,98.4
16-11-2024,0,47.5
16-11-2024,1,9.3
16-11-2024,2,3.3
16-11-2024,3,2.6
16-11-2024,4,3.1
16-11-2024,5,5.9
16-11-2024,6,16.6
16-11-2024,7,39.2
16-11-2024,8,73.8
16-11-2024,9,109.1
16-11-2024,10,132.1
16-11-2024,11,158.8
16-11-2024,12,178.9
16-11-2024,13,199.8
16-11-2024,14,204.3
16-11-2024,15,208.8
16-11-2024,16,214.1
16-11-2024,17,202.8
16-11-2024,18,162.5
16-11-2024,19,130.2
16-11-2024,20,96.8
16-11-2024,21,89.6
16-11-2024,22,109.7
16-11-2024,23,106.8
17-11-2024,0,50.8
17-11-2024,1,10.4
17-11-2024,2,4.2
17-11-2024,3,3.2
17-11-2024,4,3.8
17-11-2024,5,5.4
17-11-2024,6,7.4
17-11-2024,7,21.1
17-11-2024,8,38.3
17-11-2024,9,69.3
17-11-2024,10,96.7
17-11-2024,11,128.3
17-11-2024,12,152.2
17-11-2024,13,166.3
17-11-2024,14,166.7
17-11-2024,15,160.5
17-11-2024,16,162.4
17-11-2024,17,168.4
17-11-2024,18,132.2
17-11-2024,19,109.0
17-11-2024,20,92.6
17-11-2024,21,74.0
17-11-2024,22,60.8
17-11-2024,23,35.5
18-11-2024,0,10.4
18-11-2024,1,0.8
18-11-2024,2,0.4
18-11-2024,3,0.6
18-11-2024,4,2.0
18-11-2024,5,17.5
18-11-2024,6,96.9
18-11-2024,7,313.2
18-11-2024,8,403.6
18-11-2024,9,274.6
18-11-2024,10,212.5
18-11-2024,11,203.6
18-11-2024,12,250.5
18-11-2024,13,240.1
18-11-2024,14,280.8
18-11-2024,15,342.2
18-11-2024,16,387.9
18-11-2024,17,376.5
18-11-2024,18,199.9
18-11-2024,19,107.8
18-11-2024,20,79.4
18-11-2024,21,70.6
18-11-2024,22,64.9
18-11-2024,23,34.6
19-11-2024,0,9.7
19-11-2024,1,0.9
19-11-2024,2,0.3
19-11-2024,3,0.5
19-11-2024,4,1.8
19-11-2024,5,20.5
19-11-2024,6,126.2
19-11-2024,7,422.9
19-11-2024,8,518.5
19-11-2024,9,294.3
19-11-2024,10,212.8
19-11-2024,11,215.5
19-11-2024,12,277.6
19-11-2024,13,261.0
19-11-2024,14,307.5
19-11-2024,15,366.4
19-11-2024,16,428.5
19-11-2024,17,448.6
19-11-2024,18,240.7
19-11-2024,19,126.0
19-11-2024,20,91.7
19-11-2024,21,83.1
19-11-2024,22,74.0
19-11-2024,23,41.5
20-11-2024,0,12.0
20-11-2024,1,1.0
20-11-2024,2,0.5
20-11-2024,3,0.6
20-11-2024,4,2.0
20-11-2024,5,18.0
20-11-2024,6,98.1
20-11-2024,7,328.0
20-11-2024,8,434.6
20-11-2024,9,282.8
20-11-2024,10,218.6
20-11-2024,11,217.4
20-11-2024,12,277.8
20-11-2024,13,264.4
20-11-2024,14,298.6
20-11-2024,15,345.7
20-11-2024,16,383.8
20-11-2024,17,389.4
20-11-2024,18,229.1
20-11-2024,19,128.7
20-11-2024,20,94.4
20-11-2024,21,88.9
20-11-2024,22,84.1
20-11-2024,23,51.5
21-11-2024,0,14.7
21-11-2024,1,1.1
21-11-2024,2,0.5
21-11-2024,3,0.7
21-11-2024,4,2.1
21-11-2024,5,20.0
21-11-2024,6,118.0
21-11-2024,7,399.6
21-11-2024,8,508.6
21-11-2024,9,295.7
21-11-2024,10,225.9
21-11-2024,11,223.9
21-11-2024,12,284.5
21-11-2024,13,276.0
21-11-2024,14,317.8
21-11-2024,15,375.3
21-11-2024,16,429.6
21-11-2024,17,442.6
21-11-2024,18,262.4
21-11-2024,19,154.4
21-11-2024,20,114.9
21-11-2024,21,107.8
21-11-2024,22,100.3
21-11-2024,23,69.1
22-11-2024,0,21.5
22-11-2024,1,2.2
22-11-2024,2,1.1
22-11-2024,3,1.1
22-11-2024,4,2.3
22-11-2024,5,16.2
22-11-2024,6,79.0
22-11-2024,7,260.9
22-11-2024,8,362.4
22-11-2024,9,254.7
22-11-2024,10,213.7
22-11-2024,11,220.0
22-11-2024,12,282.1
22-11-2024,13,288.0
22-11-2024,14,322.1
22-11-2024,15,359.1
22-11-2024,16,363.3
22-11-2024,17,345.6
22-11-2024,18,248.1
22-11-2024,19,165.0
22-11-2024,20,120.4
22-11-2024,21,108.3
22-11-2024,22,114.5
22-11-2024,23,103.8
23-11-2024,0,49.5
23-11-2024,1,9.6
23-11-2024,2,3.5
23-11-2024,3,2.9
23-11-2024,4,3.1
23-11-2024,5,6.2
23-11-2024,6,17.1
23-11-2024,7,41.1
23-11-2024,8,78.2
23-11-2024,9,114.9
23-11-2024,10,135.8
23-11-2024,11,165.8
23-11-2024,12,189.2
23-11-2024,13,207.1
23-11-2024,14,209.9
23-11-2024,15,216.0
23-11-2024,16,223.7
23-11-2024,17,219.6
23-11-2024,18,187.5
23-11-2024,19,144.7
23-11-2024,20,119.2
23-11-2024,21,98.3
23-11-2024,22,108.9
23-11-2024,23,99.6
24-11-2024,0,51.1
24-11-2024,1,10.6
24-11-2024,2,4.3
24-11-2024,3,3.2
24-11-2024,4,3.6
24-11-2024,5,5.3
24-11-2024,6,6.5
24-11-2024,7,19.5
24-11-2024,8,41.5
24-11-2024,9,73.6
24-11-2024,10,98.3
24-11-2024,11,129.6
24-11-2024,12,157.1
24-11-2024,13,177.3
24-11-2024,14,178.2
24-11-2024,15,179.8
24-11-2024,16,179.0
24-11-2024,17,168.1
24-11-2024,18,145.7
24-11-2024,19,120.0
24-11-2024,20,96.1
24-11-2024,21,76.6
24-11-2024,22,62.9
24-11-2024,23,37.2
25-11-2024,0,11.9
25-11-2024,1,1.0
25-11-2024,2,0.4
25-11-2024,3,0.5
25-11-2024,4,2.0
25-11-2024,5,20.1
25-11-2024,6,114.1
25-11-2024,7,372.4
25-11-2024,8,466.4
25-11-2024,9,271.5
25-11-2024,10,211.9
25-11-2024,11,218.1
25-11-2024,12,269.7
25-11-2024,13,254.0
25-11-2024,14,294.9
25-11-2024,15,366.4
25-11-2024,16,418.4
25-11-2024,17,406.1
25-11-2024,18,213.7
25-11-2024,19,113.9
25-11-2024,20,84.6
25-11-2024,21,74.6
25-11-2024,22,65.2
25-11-2024,23,35.5
26-11-2024,0,10.7
26-11-2024,1,0.9
26-11-2024,2,0.4
26-11-2024,3,0.5
26-11-2024,4,1.9
26-11-2024,5,20.3
26-11-2024,6,120.8
26-11-2024,7,401.0
26-11-2024,8,502.5
26-11-2024,9,294.0
26-11-2024,10,220.7
26-11-2024,11,218.7
26-11-2024,12,279.9
26-11-2024,13,274.8
26-11-2024,14,321.0
26-11-2024,15,375.8
26-11-2024,16,430.8
26-11-2024,17,442.8
26-11-2024,18,247.6
26-11-2024,19,132.2
26-11-2024,20,97.7
26-11-2024,21,85.9
26-11-2024,22,73.4
26-11-2024,23,50.9
27-11-2024,0,13.7
27-11-2024,1,1.0
27-11-2024,2,0.5
27-11-2024,3,0.6
27-11-2024,4,1.9
27-11-2024,5,19.3
27-11-2024,6,106.8
27-11-2024,7,362.2
27-11-2024,8,472.4
27-11-2024,9,283.1
27-11-2024,10,218.7
27-11-2024,11,219.9
27-11-2024,12,284.3
27-11-2024,13,273.0
27-11-2024,14,317.0
27-11-2024,15,379.6
27-11-2024,16,408.3
27-11-2024,17,382.4
27-11-2024,18,217.3
27-11-2024,19,120.9
27-11-2024,20,90.9
27-11-2024,21,83.9
27-11-2024,22,81.4
27-11-2024,23,57.9
28-11-2024,0,15.9
28-11-2024,1,1.3
28-11-2024,2,0.5
28-11-2024,3,0.7
28-11-2024,4,2.0
28-11-2024,5,19.8
28-11-2024,6,114.2
28-11-2024,7,380.6
28-11-2024,8,488.9
28-11-2024,9,291.9
28-11-2024,10,225.8
28-11-2024,11,225.5
28-11-2024,12,283.0
28-11-2024,13,275.8
28-11-2024,14,318.3
28-11-2024,15,378.8
28-11-2024,16,431.9
28-11-2024,17,433.7
28-11-2024,18,261.2
28-11-2024,19,154.9
28-11-2024,20,119.2
28-11-2024,21,111.1
28-11-2024,22,105.1
28-11-2024,23,73.3
29-11-2024,0,23.5
29-11-2024,1,2.3
29-11-2024,2,1.0
29-11-2024,3,1.1
29-11-2024,4,2.4
29-11-2024,5,17.7
29-11-2024,6,86.3
29-11-2024,7,283.2
29-11-2024,8,374.4
29-11-2024,9,247.7
29-11-2024,10,213.7
29-11-2024,11,227.0
29-11-2024,12,287.6
29-11-2024,13,290.3
29-11-2024,14,298.1
29-11-2024,15,318.1
29-11-2024,16,317.1
29-11-2024,17,300.0
29-11-2024,18,211.6
29-11-2024,19,135.8
29-11-2024,20,103.0
29-11-2024,21,92.3
29-11-2024,22,96.8
29-11-2024,23,79.0
30-11-2024,0,37.0
30-11-2024,1,7.2
30-11-2024,2,3.0
30-11-2024,3,2.7
30-11-2024,4,3.2
30-11-2024,5,5.8
30-11-2024,6,17.0
30-11-2024,7,40.2
30-11-2024,8,73.5
30-11-2024,9,109.4
30-11-2024,10,136.2
30-11-2024,11,168.0
30-11-2024,12,192.1
30-11-2024,13,209.2
30-11-2024,14,215.0
30-11-2024,15,218.4
30-11-2024,16,220.0
30-11-2024,17,209.5
30-11-2024,18,173.2
30-11-2024,19,134.5
30-11-2024,20,110.8
30-11-2024,21,98.0
30-11-2024,22,108.6
30-11-2024,23,96.5
1-12-2024,0,49.2
1-12-2024,1,11.1
1-12-2024,2,4.4
1-12-2024,3,3.2
1-12-2024,4,3.5
1-12-2024,5,5.2
1-12-2024,6,6.6
1-12-2024,7,18.4
1-12-2024,8,37.7
1-12-2024,9,66.2
1-12-2024,10,93.7
1-12-2024,11,125.7
1-12-2024,12,149.3
1-12-2024,13,167.4
1-12-2024,14,171.4
1-12-2024,15,170.6
1-12-2024,16,174.0
1-12-2024,17,163.5
1-12-2024,18,128.8
1-12-2024,19,112.4
1-12-2024,20,93.2
1-12-2024,21,74.7
1-12-2024,22,59.5
1-12-2024,23,37.2
2-12-2024,0,10.9
2-12-2024,1,0.8
2-12-2024,2,0.4
2-12-2024,3,0.5
2-12-2024,4,1.9
2-12-2024,5,20.5
2-12-2024,6,115.1
2-12-2024,7,374.8
2-12-2024,8,469.3
2-12-2024,9,270.6
2-12-2024,10,209.5
2-12-2024,11,208.6
2-12-2024,12,258.4
2-12-2024,13,252.2
2-12-2024,14,295.1
2-12-2024,15,359.8
2-12-2024,16,413.1
2-12-2024,17,410.6
2-12-2024,18,217.3
2-12-2024,19,117.5
2-12-2024,20,84.7
2-12-2024,21,74.1
2-12-2024,22,63.6
2-12-2024,23,35.0
3-12-2024,0,10.2
3-12-2024,1,0.8
3-12-2024,2,0.3
3-12-2024,3,0.5
3-12-2024,4,1.8
3-12-2024,5,20.6
3-12-2024,6,122.5
3-12-2024,7,405.5
3-12-2024,8,493.8
3-12-2024,9,285.3
3-12-2024,10,213.8
3-12-2024,11,213.0
3-12-2024,12,269.4
3-12-2024,13,264.8
3-12-2024,14,310.3
3-12-2024,15,368.2
3-12-2024,16,425.7
3-12-2024,17,436.3
3-12-2024,18,238.3
3-12-2024,19,128.3
3-12-2024,20,93.5
3-12-2024,21,83.8
3-12-2024,22,73.0
3-12-2024,23,42.2
4-12-2024,0,12.4
4-12-2024,1,1.1
4-12-2024,2,0.5
4-12-2024,3,0.6
4-12-2024,4,1.9
4-12-2024,5,19.0
4-12-2024,6,103.8
4-12-2024,7,346.5
4-12-2024,8,440.7
4-12-2024,9,261.4
4-12-2024,10,206.4
4-12-2024,11,213.3
4-12-2024,12,277.1
4-12-2024,13,263.0
4-12-2024,14,296.3
4-12-2024,15,352.2
4-12-2024,16,390.9
4-12-2024,17,384.6
4-12-2024,18,228.1
4-12-2024,19,127.8
4-12-2024,20,92.3
4-12-2024,21,86.0
4-12-2024,22,94.1
4-12-2024,23,51.8
5-12-2024,0,14.9
5-12-2024,1,1.1
5-12-2024,2,0.5
5-12-2024,3,0.6
5-12-2024,4,2.0
5-12-2024,5,20.0
5-12-2024,6,115.2
5-12-2024,7,387.1
5-12-2024,8,486.1
5-12-2024,9,285.2
5-12-2024,10,215.8
5-12-2024,11,214.0
5-12-2024,12,277.8
5-12-2024,13,265.8
5-12-2024,14,318.7
5-12-2024,15,390.8
5-12-2024,16,428.5
5-12-2024,17,393.5
5-12-2024,18,215.4
5-12-2024,19,119.7
5-12-2024,20,92.9
5-12-2024,21,87.4
5-12-2024,22,84.4
5-12-2024,23,56.8
6-12-2024,0,17.7
6-12-2024,1,1.6
6-12-2024,2,0.7
6-12-2024,3,1.0
6-12-2024,4,2.2
6-12-2024,5,17.5
6-12-2024,6,86.5
6-12-2024,7,292.8
6-12-2024,8,385.2
6-12-2024,9,249.0
6-12-2024,10,205.5
6-12-2024,11,221.1
6-12-2024,12,282.1
6-12-2024,13,282.5
6-12-2024,14,321.5
6-12-2024,15,361.7
6-12-2024,16,364.8
6-12-2024,17,346.6
6-12-2024,18,246.2
6-12-2024,19,155.6
6-12-2024,20,115.6
6-12-2024,21,103.3
6-12-2024,22,116.7
6-12-2024,23,99.5
7-12-2024,0,46.9
7-12-2024,1,9.3
7-12-2024,2,3.5
7-12-2024,3,2.6
7-12-2024,4,3.1
7-12-2024,5,6.0
7-12-2024,6,16.3
7-12-2024,7,37.9
7-12-2024,8,68.4
7-12-2024,9,98.7
7-12-2024,10,124.1
7-12-2024,11,156.8
7-12-2024,12,182.6
7-12-2024,13,201.6
7-12-2024,14,204.4
7-12-2024,15,205.9
7-12-2024,16,205.0
7-12-2024,17,196.5
7-12-2024,18,162.8
7-12-2024,19,129.0
7-12-2024,20,103.6
7-12-2024,21,93.1
7-12-2024,22,103.3
7-12-2024,23,95.0
8-12-2024,0,46.5
8-12-2024,1,9.5
8-12-2024,2,3.8
8-12-2024,3,2.9
8-12-2024,4,3.5
8-12-2024,5,5.2
8-12-2024,6,6.2
8-12-2024,7,17.4
8-12-2024,8,35.4
8-12-2024,9,65.0
8-12-2024,10,89.1
8-12-2024,11,120.8
8-12-2024,12,145.9
8-12-2024,13,168.1
8-12-2024,14,170.1
8-12-2024,15,159.9
8-12-2024,16,164.2
8-12-2024,17,163.4
8-12-2024,18,133.7
8-12-2024,19,112.1
8-12-2024,20,96.7
8-12-2024,21,80.2
8-12-2024,22,60.5
8-12-2024,23,35.9
9-12-2024,0,10.3
9-12-2024,1,0.7
9-12-2024,2,0.4
9-12-2024,3,0.5
9-12-2024,4,1.9
9-12-2024,5,20.2
9-12-2024,6,113.1
9-12-2024,7,369.1
9-12-2024,8,456.5
9-12-2024,9,261.1
9-12-2024,10,205.9
9-12-2024,11,207.2
9-12-2024,12,256.5
9-12-2024,13,249.3
9-12-2024,14,294.2
9-12-2024,15,355.0
9-12-2024,16,405.8
9-12-2024,17,394.2
9-12-2024,18,209.7
9-12-2024,19,114.1
9-12-2024,20,86.3
9-12-2024,21,77.1
9-12-2024,22,62.4
9-12-2024,23,35.9
10-12-2024,0,10.7
10-12-2024,1,0.8
10-12-2024,2,0.4
10-12-2024,3,0.5
10-12-2024,4,1.8
10-12-2024,5,20.7
10-12-2024,6,122.1
10-12-2024,7,400.7
10-12-2024,8,495.7
10-12-2024,9,283.2
10-12-2024,10,209.1
10-12-2024,11,211.9
10-12-2024,12,267.1
10-12-2024,13,263.9
10-12-2024,14,310.1
10-12-2024,15,364.0
10-12-2024,16,415.9
10-12-2024,17,424.1
10-12-2024,18,237.3
10-12-2024,19,130.9
10-12-2024,20,99.4
10-12-2024,21,93.9
10-12-2024,22,78.9
10-12-2024,23,46.2
11-12-2024,0,13.6
11-12-2024,1,1.1
11-12-2024,2,0.5
11-12-2024,3,0.6
11-12-2024,4,1.9
11-12-2024,5,18.9
11-12-2024,6,102.4
11-12-2024,7,335.3
11-12-2024,8,428.0
11-12-2024,9,254.4
11-12-2024,10,203.7
11-12-2024,11,214.8
11-12-2024,12,272.5
11-12-2024,13,261.3
11-12-2024,14,293.2
11-12-2024,15,344.5
11-12-2024,16,383.9
11-12-2024,17,374.0
11-12-2024,18,221.4
11-12-2024,19,129.5
11-12-2024,20,99.6
11-12-2024,21,92.8
11-12-2024,22,86.1
11-12-2024,23,58.3
12-12-2024,0,16.2
12-12-2024,1,1.2
12-12-2024,2,0.6
12-12-2024,3,0.7
12-12-2024,4,2.0
12-12-2024,5,19.8
12-12-2024,6,115.3
12-12-2024,7,380.4
12-12-2024,8,483.1
12-12-2024,9,285.6
12-12-2024,10,216.4
12-12-2024,11,219.9
12-12-2024,12,274.2
12-12-2024,13,266.8
12-12-2024,14,313.6
12-12-2024,15,373.1
12-12-2024,16,411.5
12-12-2024,17,412.6
12-12-2024,18,258.4
12-12-2024,19,165.5
12-12-2024,20,129.9
12-12-2024,21,121.6
12-12-2024,22,117.3
12-12-2024,23,94.7
13-12-2024,0,30.1
13-12-2024,1,3.0
13-12-2024,2,1.4
13-12-2024,3,1.3
13-12-2024,4,2.6
13-12-2024,5,17.6
13-12-2024,6,83.8
13-12-2024,7,272.6
13-12-2024,8,354.7
13-12-2024,9,235.6
13-12-2024,10,202.2
13-12-2024,11,220.8
13-12-2024,12,273.6
13-12-2024,13,277.9
13-12-2024,14,316.2
13-12-2024,15,353.4
13-12-2024,16,355.8
13-12-2024,17,336.2
13-12-2024,18,241.3
13-12-2024,19,160.0
13-12-2024,20,123.8
13-12-2024,21,111.9
13-12-2024,22,121.3
13-12-2024,23,110.1
14-12-2024,0,53.9
14-12-2024,1,11.1
14-12-2024,2,4.6
14-12-2024,3,3.2
14-12-2024,4,3.4
14-12-2024,5,5.6
14-12-2024,6,16.3
14-12-2024,7,38.6
14-12-2024,8,70.3
14-12-2024,9,105.3
14-12-2024,10,132.2
14-12-2024,11,163.6
14-12-2024,12,187.7
14-12-2024,13,212.5
14-12-2024,14,215.9
14-12-2024,15,222.2
14-12-2024,16,224.8
14-12-2024,17,212.6
14-12-2024,18,173.3
14-12-2024,19,136.2
14-12-2024,20,109.7
14-12-2024,21,95.0
14-12-2024,22,103.8
14-12-2024,23,103.7
15-12-2024,0,49.7
15-12-2024,1,10.3
15-12-2024,2,3.7
15-12-2024,3,2.9
15-12-2024,4,3.3
15-12-2024,5,5.1
15-12-2024,6,6.4
15-12-2024,7,17.1
15-12-2024,8,35.6
15-12-2024,9,65.3
15-12-2024,10,91.8
15-12-2024,11,125.0
15-12-2024,12,150.4
15-12-2024,13,170.2
15-12-2024,14,174.8
15-12-2024,15,176.8
15-12-2024,16,172.4
15-12-2024,17,161.9
15-12-2024,18,137.6
15-12-2024,19,113.4
15-12-2024,20,92.6
15-12-2024,21,73.5
15-12-2024,22,61.7
15-12-2024,23,37.5
16-12-2024,0,10.6
16-12-2024,1,1.0
16-12-2024,2,0.4
16-12-2024,3,0.6
16-12-2024,4,1.9
16-12-2024,5,19.5
16-12-2024,6,105.6
16-12-2024,7,338.8
16-12-2024,8,420.4
16-12-2024,9,244.2
16-12-2024,10,196.1
16-12-2024,11,205.3
16-12-2024,12,244.5
16-12-2024,13,239.1
16-12-2024,14,284.6
16-12-2024,15,334.5
16-12-2024,16,377.2
16-12-2024,17,368.8
16-12-2024,18,204.3
16-12-2024,19,111.7
16-12-2024,20,85.2
16-12-2024,21,76.7
16-12-2024,22,64.3
16-12-2024,23,39.0
17-12-2024,0,11.5
17-12-2024,1,1.0
17-12-2024,2,0.4
17-12-2024,3,0.6
17-12-2024,4,2.0
17-12-2024,5,19.7
17-12-2024,6,114.2
17-12-2024,7,366.5
17-12-2024,8,452.8
17-12-2024,9,263.1
17-12-2024,10,203.5
17-12-2024,11,215.9
17-12-2024,12,258.8
17-12-2024,13,258.4
17-12-2024,14,305.4
17-12-2024,15,348.0
17-12-2024,16,388.2
17-12-2024,17,396.4
17-12-2024,18,228.7
17-12-2024,19,130.2
17-12-2024,20,104.2
17-12-2024,21,99.6
17-12-2024,22,86.6
17-12-2024,23,49.3
18-12-2024,0,14.5
18-12-2024,1,1.3
18-12-2024,2,0.7
18-12-2024,3,0.8
18-12-2024,4,2.2
18-12-2024,5,18.5
18-12-2024,6,96.5
18-12-2024,7,304.7
18-12-2024,8,386.6
18-12-2024,9,245.8
18-12-2024,10,199.6
18-12-2024,11,218.8
18-12-2024,12,266.0
18-12-2024,13,259.2
18-12-2024,14,293.5
18-12-2024,15,326.4
18-12-2024,16,350.2
18-12-2024,17,343.0
18-12-2024,18,210.9
18-12-2024,19,128.3
18-12-2024,20,99.7
18-12-2024,21,93.9
18-12-2024,22,87.3
18-12-2024,23,54.3
19-12-2024,0,17.4
19-12-2024,1,1.3
19-12-2024,2,0.6
19-12-2024,3,0.8
19-12-2024,4,2.2
19-12-2024,5,19.5
19-12-2024,6,109.3
19-12-2024,7,350.2
19-12-2024,8,441.9
19-12-2024,9,272.7
19-12-2024,10,219.0
19-12-2024,11,239.7
19-12-2024,12,283.2
19-12-2024,13,280.9
19-12-2024,14,314.4
19-12-2024,15,339.4
19-12-2024,16,367.9
19-12-2024,17,376.5
19-12-2024,18,252.6
19-12-2024,19,173.4
19-12-2024,20,129.3
19-12-2024,21,117.1
19-12-2024,22,113.5
19-12-2024,23,103.4
20-12-2024,0,36.4
20-12-2024,1,3.9
20-12-2024,2,1.6
20-12-2024,3,1.8
20-12-2024,4,3.1
20-12-2024,5,17.7
20-12-2024,6,75.1
20-12-2024,7,204.3
20-12-2024,8,274.1
20-12-2024,9,209.7
20-12-2024,10,193.8
20-12-2024,11,238.2
20-12-2024,12,285.6
20-12-2024,13,274.0
20-12-2024,14,279.8
20-12-2024,15,294.1
20-12-2024,16,309.2
20-12-2024,17,304.2
20-12-2024,18,228.3
20-12-2024,19,157.5
20-12-2024,20,123.1
20-12-2024,21,111.2
20-12-2024,22,114.4
20-12-2024,23,100.9
21-12-2024,0,51.2
21-12-2024,1,10.7
21-12-2024,2,3.7
21-12-2024,3,3.1
21-12-2024,4,3.8
21-12-2024,5,6.3
21-12-2024,6,16.4
21-12-2024,7,37.0
21-12-2024,8,63.8
21-12-2024,9,96.8
21-12-2024,10,124.7
21-12-2024,11,160.4
21-12-2024,12,188.7
21-12-2024,13,214.7
21-12-2024,14,222.0
21-12-2024,15,221.0
21-12-2024,16,213.4
21-12-2024,17,199.2
21-12-2024,18,162.4
21-12-2024,19,123.4
21-12-2024,20,97.3
21-12-2024,21,88.1
21-12-2024,22,96.1
21-12-2024,23,94.1
22-12-2024,0,46.6
22-12-2024,1,9.8
22-12-2024,2,3.7
22-12-2024,3,3.2
22-12-2024,4,3.9
22-12-2024,5,5.6
22-12-2024,6,6.6
22-12-2024,7,17.8
22-12-2024,8,35.2
22-12-2024,9,62.8
22-12-2024,10,88.0
22-12-2024,11,125.4
22-12-2024,12,152.2
22-12-2024,13,172.8
22-12-2024,14,171.6
22-12-2024,15,165.9
22-12-2024,16,169.3
22-12-2024,17,166.0
22-12-2024,18,127.4
22-12-2024,19,100.9
22-12-2024,20,83.3
22-12-2024,21,74.0
22-12-2024,22,64.5
22-12-2024,23,43.9
23-12-2024,0,14.6
23-12-2024,1,1.3
23-12-2024,2,0.5
23-12-2024,3,0.7
23-12-2024,4,2.1
23-12-2024,5,14.8
23-12-2024,6,59.7
23-12-2024,7,123.4
23-12-2024,8,148.3
23-12-2024,9,122.2
23-12-2024,10,130.7
23-12-2024,11,163.2
23-12-2024,12,188.4
23-12-2024,13,204.3
23-12-2024,14,214.3
23-12-2024,15,233.0
23-12-2024,16,259.2
23-12-2024,17,262.5
23-12-2024,18,179.1
23-12-2024,19,114.7
23-12-2024,20,89.9
23-12-2024,21,77.5
23-12-2024,22,68.6
23-12-2024,23,47.2
24-12-2024,0,17.2
24-12-2024,1,1.5
24-12-2024,2,0.5
24-12-2024,3,0.7
24-12-2024,4,1.9
24-12-2024,5,13.3
24-12-2024,6,50.2
24-12-2024,7,97.2
24-12-2024,8,117.6
24-12-2024,9,110.6
24-12-2024,10,123.3
24-12-2024,11,151.9
24-12-2024,12,179.1
24-12-2024,13,201.0
24-12-2024,14,216.9
24-12-2024,15,239.2
24-12-2024,16,243.3
24-12-2024,17,198.1
24-12-2024,18,126.6
24-12-2024,19,82.4
24-12-2024,20,63.5
24-12-2024,21,59.2
24-12-2024,22,57.3
24-12-2024,23,49.2
25-12-2024,0,20.5
25-12-2024,1,2.2
25-12-2024,2,0.7
25-12-2024,3,0.8
25-12-2024,4,1.5
25-12-2024,5,3.5
25-12-2024,6,4.5
25-12-2024,7,11.8
25-12-2024,8,22.8
25-12-2024,9,42.1
25-12-2024,10,60.8
25-12-2024,11,80.3
25-12-2024,12,100.1
25-12-2024,13,116.4
25-12-2024,14,121.0
25-12-2024,15,116.6
25-12-2024,16,104.0
25-12-2024,17,84.4
25-12-2024,18,63.2
25-12-2024,19,55.3
25-12-2024,20,57.8
25-12-2024,21,61.7
25-12-2024,22,60.6
25-12-2024,23,44.3
26-12-2024,0,14.5
26-12-2024,1,1.1
26-12-2024,2,0.4
26-12-2024,3,0.5
26-12-2024,4,1.3
26-12-2024,5,3.4
26-12-2024,6,5.0
26-12-2024,7,14.0
26-12-2024,8,27.0
26-12-2024,9,47.2
26-12-2024,10,72.5
26-12-2024,11,100.0
26-12-2024,12,117.5
26-12-2024,13,139.3
26-12-2024,14,143.2
26-12-2024,15,141.3
26-12-2024,16,131.6
26-12-2024,17,115.2
26-12-2024,18,90.4
26-12-2024,19,75.6
26-12-2024,20,73.9
26-12-2024,21,75.4
26-12-2024,22,69.4
26-12-2024,23,49.1
27-12-2024,0,16.3
27-12-2024,1,1.4
27-12-2024,2,0.5
27-12-2024,3,0.8
27-12-2024,4,2.0
27-12-2024,5,11.7
27-12-2024,6,36.5
27-12-2024,7,61.5
27-12-2024,8,81.2
27-12-2024,9,96.4
27-12-2024,10,115.9
27-12-2024,11,144.7
27-12-2024,12,168.9
27-12-2024,13,188.6
27-12-2024,14,197.3
27-12-2024,15,205.9
27-12-2024,16,213.9
27-12-2024,17,204.7
27-12-2024,18,163.5
27-12-2024,19,119.9
27-12-2024,20,99.3
27-12-2024,21,88.9
27-12-2024,22,82.8
27-12-2024,23,66.3
28-12-2024,0,31.5
28-12-2024,1,6.3
28-12-2024,2,2.3
28-12-2024,3,2.1
28-12-2024,4,2.8
28-12-2024,5,5.4
28-12-2024,6,14.0
28-12-2024,7,30.2
28-12-2024,8,52.5
28-12-2024,9,81.6
28-12-2024,10,109.3
28-12-2024,11,140.9
28-12-2024,12,161.0
28-12-2024,13,184.3
28-12-2024,14,188.0
28-12-2024,15,192.4
28-12-2024,16,194.0
28-12-2024,17,182.7
28-12-2024,18,143.6
28-12-2024,19,112.4
28-12-2024,20,92.8
28-12-2024,21,81.0
28-12-2024,22,80.4
28-12-2024,23,75.0
29-12-2024,0,38.2
29-12-2024,1,8.4
29-12-2024,2,2.9
29-12-2024,3,2.7
29-12-2024,4,3.2
29-12-2024,5,4.7
29-12-2024,6,5.7
29-12-2024,7,16.2
29-12-2024,8,30.2
29-12-2024,9,55.8
29-12-2024,10,79.0
29-12-2024,11,107.9
29-12-2024,12,130.5
29-12-2024,13,148.1
29-12-2024,14,153.8
29-12-2024,15,154.0
29-12-2024,16,154.5
29-12-2024,17,144.5
29-12-2024,18,112.6
29-12-2024,19,91.4
29-12-2024,20,79.3
29-12-2024,21,67.9
29-12-2024,22,60.4
29-12-2024,23,43.4
30-12-2024,0,16.4
30-12-2024,1,1.6
30-12-2024,2,0.6
30-12-2024,3,0.6
30-12-2024,4,1.8
30-12-2024,5,12.9
30-12-2024,6,48.3
30-12-2024,7,92.9
30-12-2024,8,110.1
30-12-2024,9,101.7
30-12-2024,10,115.5
30-12-2024,11,143.4
30-12-2024,12,165.4
30-12-2024,13,181.8
30-12-2024,14,191.5
30-12-2024,15,205.7
30-12-2024,16,223.4
30-12-2024,17,225.0
30-12-2024,18,157.1
30-12-2024,19,107.2
30-12-2024,20,86.9
30-12-2024,21,74.1
30-12-2024,22,67.1
30-12-2024,23,47.8
31-12-2024,0,18.8
31-12-2024,1,1.5
31-12-2024,2,0.4
31-12-2024,3,0.7
31-12-2024,4,1.8
31-12-2024,5,11.0
31-12-2024,6,39.2
31-12-2024,7,71.1
31-12-2024,8,83.7
31-12-2024,9,81.5
31-12-2024,10,93.1
31-12-2024,11,117.0
31-12-2024,12,141.3
31-12-2024,13,162.0
31-12-2024,14,178.0
31-12-2024,15,194.6
31-12-2024,16,195.1
31-12-2024,17,172.4
31-12-2024,18,133.8
31-12-2024,19,114.2
31-12-2024,20,38.4
31-12-2024,21,5.7
31-12-2024,22,1.7
31-12-2024,23,1.4"
